patient_key,checkpoint,transport_available,callback_requested,unresolved_barriers,hours_to_treatment,supportive_follow_up,patient_reply_text
SYN-0000,T-7,1,0,0,166,0,synthetic reply
SYN-0000,T-2,1,0,0,45,0,synthetic reply
SYN-0000,T-1,1,0,1,23,1,synthetic reply
SYN-0001,T-7,1,0,2,168,0,synthetic reply
SYN-0001,T-2,1,0,2,52,1,synthetic reply
SYN-0001,T-1,1,0,2,26,1,synthetic reply
SYN-0002,T-7,1,1,2,167,0,synthetic reply
SYN-0002,T-2,1,1,2,46,1,synthetic reply
SYN-0002,T-1,1,1,2,23,1,synthetic reply
SYN-0003,T-7,0,1,0,164,1,synthetic reply
SYN-0003,T-2,0,1,0,46,1,synthetic reply
SYN-0003,T-1,0,1,1,22,0,synthetic reply
SYN-0004,T-7,0,1,0,165,1,synthetic reply
SYN-0004,T-2,0,1,0,48,0,synthetic reply
SYN-0004,T-1,0,1,0,22,0,synthetic reply
SYN-0005,T-7,1,1,2,166,0,synthetic reply
SYN-0005,T-2,1,1,2,51,0,synthetic reply
SYN-0005,T-1,1,1,2,21,1,synthetic reply
SYN-0006,T-7,1,0,2,166,0,synthetic reply
SYN-0006,T-2,1,0,2,48,0,synthetic reply
SYN-0006,T-1,1,0,2,20,1,synthetic reply
SYN-0007,T-7,0,0,2,169,0,synthetic reply
SYN-0007,T-2,1,0,2,45,0,synthetic reply
SYN-0007,T-1,1,1,2,28,1,synthetic reply
SYN-0008,T-7,0,0,0,168,0,synthetic reply
SYN-0008,T-2,0,1,1,44,1,synthetic reply
SYN-0008,T-1,0,1,0,21,1,synthetic reply
SYN-0009,T-7,1,1,2,170,0,synthetic reply
SYN-0009,T-2,1,1,2,49,0,synthetic reply
SYN-0009,T-1,1,1,2,21,1,synthetic reply
SYN-0010,T-7,1,0,1,165,0,synthetic reply
SYN-0010,T-2,1,0,1,49,0,synthetic reply
SYN-0010,T-1,1,0,1,28,0,synthetic reply
SYN-0011,T-7,0,1,2,165,0,synthetic reply
SYN-0011,T-2,1,1,3,48,0,synthetic reply
SYN-0011,T-1,1,1,2,27,1,synthetic reply
SYN-0012,T-7,0,0,0,164,1,synthetic reply
SYN-0012,T-2,0,0,0,50,0,synthetic reply
SYN-0012,T-1,1,0,0,27,0,synthetic reply
SYN-0013,T-7,1,0,0,168,0,synthetic reply
SYN-0013,T-2,1,0,0,47,1,synthetic reply
SYN-0013,T-1,1,0,0,25,0,synthetic reply
SYN-0014,T-7,1,0,2,165,0,synthetic reply
SYN-0014,T-2,1,0,2,47,0,synthetic reply
SYN-0014,T-1,1,1,2,21,1,synthetic reply
SYN-0015,T-7,0,0,0,165,0,synthetic reply
SYN-0015,T-2,0,0,0,47,1,synthetic reply
SYN-0015,T-1,0,0,1,22,0,synthetic reply
SYN-0016,T-7,1,0,2,165,0,synthetic reply
SYN-0016,T-2,1,0,2,52,0,synthetic reply
SYN-0016,T-1,1,0,2,22,0,synthetic reply
SYN-0017,T-7,0,0,1,168,0,synthetic reply
SYN-0017,T-2,0,0,1,48,1,synthetic reply
SYN-0017,T-1,0,0,1,27,0,synthetic reply
SYN-0018,T-7,0,1,0,166,0,synthetic reply
SYN-0018,T-2,1,1,0,47,0,synthetic reply
SYN-0018,T-1,1,1,0,27,1,synthetic reply
SYN-0019,T-7,0,1,0,165,0,synthetic reply
SYN-0019,T-2,0,1,0,49,1,synthetic reply
SYN-0019,T-1,0,1,0,27,1,synthetic reply
SYN-0020,T-7,0,1,2,166,1,synthetic reply
SYN-0020,T-2,0,1,2,51,0,synthetic reply
SYN-0020,T-1,1,1,2,21,0,synthetic reply
SYN-0021,T-7,0,0,1,168,1,synthetic reply
SYN-0021,T-2,0,0,1,45,0,synthetic reply
SYN-0021,T-1,0,0,1,24,0,synthetic reply
SYN-0022,T-7,1,0,2,167,0,synthetic reply
SYN-0022,T-2,1,0,2,50,0,synthetic reply
SYN-0022,T-1,1,0,2,22,1,synthetic reply
SYN-0023,T-7,0,0,2,171,0,synthetic reply
SYN-0023,T-2,0,1,2,51,1,synthetic reply
SYN-0023,T-1,0,1,2,27,1,synthetic reply
SYN-0024,T-7,1,0,2,171,1,synthetic reply
SYN-0024,T-2,1,0,2,49,0,synthetic reply
SYN-0024,T-1,1,0,2,20,0,synthetic reply
SYN-0025,T-7,0,0,0,168,0,synthetic reply
SYN-0025,T-2,0,0,0,52,0,synthetic reply
SYN-0025,T-1,0,0,0,27,0,synthetic reply
SYN-0026,T-7,0,1,0,165,1,synthetic reply
SYN-0026,T-2,0,1,0,45,1,synthetic reply
SYN-0026,T-1,0,1,0,22,1,synthetic reply
SYN-0027,T-7,1,0,1,165,0,synthetic reply
SYN-0027,T-2,1,0,1,50,0,synthetic reply
SYN-0027,T-1,1,0,1,27,0,synthetic reply
SYN-0028,T-7,0,1,2,169,1,synthetic reply
SYN-0028,T-2,0,1,2,50,1,synthetic reply
SYN-0028,T-1,0,1,1,20,1,synthetic reply
SYN-0029,T-7,0,0,1,167,0,synthetic reply
SYN-0029,T-2,0,0,1,48,0,synthetic reply
SYN-0029,T-1,0,0,1,24,0,synthetic reply
SYN-0030,T-7,1,0,2,168,0,synthetic reply
SYN-0030,T-2,1,0,2,48,1,synthetic reply
SYN-0030,T-1,1,0,2,21,0,synthetic reply
SYN-0031,T-7,1,0,3,166,0,synthetic reply
SYN-0031,T-2,1,0,3,44,0,synthetic reply
SYN-0031,T-1,1,0,2,26,0,synthetic reply
SYN-0032,T-7,0,0,0,170,0,synthetic reply
SYN-0032,T-2,0,0,1,45,0,synthetic reply
SYN-0032,T-1,1,0,0,26,0,synthetic reply
SYN-0033,T-7,0,0,1,172,0,synthetic reply
SYN-0033,T-2,0,0,0,44,1,synthetic reply
SYN-0033,T-1,0,0,0,20,0,synthetic reply
SYN-0034,T-7,1,0,2,166,1,synthetic reply
SYN-0034,T-2,1,0,2,46,1,synthetic reply
SYN-0034,T-1,1,0,2,23,0,synthetic reply
SYN-0035,T-7,0,0,2,165,0,synthetic reply
SYN-0035,T-2,0,0,1,50,1,synthetic reply
SYN-0035,T-1,0,0,2,20,1,synthetic reply
SYN-0036,T-7,0,0,1,167,0,synthetic reply
SYN-0036,T-2,0,0,1,44,0,synthetic reply
SYN-0036,T-1,0,0,1,22,1,synthetic reply
SYN-0037,T-7,1,0,0,171,0,synthetic reply
SYN-0037,T-2,1,0,0,48,0,synthetic reply
SYN-0037,T-1,1,0,0,22,0,synthetic reply
SYN-0038,T-7,0,0,2,168,1,synthetic reply
SYN-0038,T-2,1,0,2,44,0,synthetic reply
SYN-0038,T-1,1,0,2,21,0,synthetic reply
SYN-0039,T-7,0,1,1,169,0,synthetic reply
SYN-0039,T-2,0,1,2,51,0,synthetic reply
SYN-0039,T-1,0,1,1,28,0,synthetic reply
SYN-0040,T-7,0,0,1,171,1,synthetic reply
SYN-0040,T-2,0,0,1,52,1,synthetic reply
SYN-0040,T-1,0,0,1,25,1,synthetic reply
SYN-0041,T-7,1,0,2,166,0,synthetic reply
SYN-0041,T-2,1,0,2,50,0,synthetic reply
SYN-0041,T-1,1,0,1,25,1,synthetic reply
SYN-0042,T-7,0,0,0,170,0,synthetic reply
SYN-0042,T-2,0,0,1,48,1,synthetic reply
SYN-0042,T-1,0,0,0,21,0,synthetic reply
SYN-0043,T-7,1,0,2,166,0,synthetic reply
SYN-0043,T-2,1,0,2,50,1,synthetic reply
SYN-0043,T-1,1,0,2,23,0,synthetic reply
SYN-0044,T-7,1,1,1,167,0,synthetic reply
SYN-0044,T-2,1,1,1,48,0,synthetic reply
SYN-0044,T-1,1,1,2,22,0,synthetic reply
SYN-0045,T-7,1,0,2,164,0,synthetic reply
SYN-0045,T-2,1,0,3,49,1,synthetic reply
SYN-0045,T-1,1,0,2,20,0,synthetic reply
SYN-0046,T-7,0,0,0,168,0,synthetic reply
SYN-0046,T-2,0,0,1,51,0,synthetic reply
SYN-0046,T-1,1,0,1,24,0,synthetic reply
SYN-0047,T-7,1,1,0,168,0,synthetic reply
SYN-0047,T-2,1,1,0,46,0,synthetic reply
SYN-0047,T-1,1,1,0,27,0,synthetic reply
SYN-0048,T-7,0,0,0,172,0,synthetic reply
SYN-0048,T-2,0,0,0,52,0,synthetic reply
SYN-0048,T-1,0,0,0,22,1,synthetic reply
SYN-0049,T-7,0,0,0,172,0,synthetic reply
SYN-0049,T-2,0,0,0,47,0,synthetic reply
SYN-0049,T-1,0,0,0,24,1,synthetic reply
SYN-0050,T-7,0,1,1,171,1,synthetic reply
SYN-0050,T-2,1,1,1,44,0,synthetic reply
SYN-0050,T-1,1,1,1,26,1,synthetic reply
SYN-0051,T-7,0,0,0,172,0,synthetic reply
SYN-0051,T-2,0,1,0,50,0,synthetic reply
SYN-0051,T-1,0,1,0,23,1,synthetic reply
SYN-0052,T-7,0,1,2,171,1,synthetic reply
SYN-0052,T-2,0,1,3,49,1,synthetic reply
SYN-0052,T-1,0,1,2,20,0,synthetic reply
SYN-0053,T-7,0,0,1,168,0,synthetic reply
SYN-0053,T-2,0,0,2,52,0,synthetic reply
SYN-0053,T-1,0,0,1,21,0,synthetic reply
SYN-0054,T-7,0,1,1,171,1,synthetic reply
SYN-0054,T-2,1,1,1,44,0,synthetic reply
SYN-0054,T-1,1,1,2,24,1,synthetic reply
SYN-0055,T-7,0,1,1,164,0,synthetic reply
SYN-0055,T-2,0,1,1,47,1,synthetic reply
SYN-0055,T-1,0,1,1,25,1,synthetic reply
SYN-0056,T-7,1,1,0,164,0,synthetic reply
SYN-0056,T-2,1,1,1,48,0,synthetic reply
SYN-0056,T-1,1,1,0,23,1,synthetic reply
SYN-0057,T-7,0,1,1,169,1,synthetic reply
SYN-0057,T-2,0,1,0,52,1,synthetic reply
SYN-0057,T-1,0,1,0,26,1,synthetic reply
SYN-0058,T-7,0,1,1,168,1,synthetic reply
SYN-0058,T-2,0,1,1,51,1,synthetic reply
SYN-0058,T-1,0,1,1,22,0,synthetic reply
SYN-0059,T-7,0,0,0,170,0,synthetic reply
SYN-0059,T-2,0,0,0,48,0,synthetic reply
SYN-0059,T-1,0,0,0,24,1,synthetic reply
SYN-0060,T-7,0,0,1,168,0,synthetic reply
SYN-0060,T-2,0,0,1,46,0,synthetic reply
SYN-0060,T-1,1,0,1,23,0,synthetic reply
SYN-0061,T-7,0,1,1,166,1,synthetic reply
SYN-0061,T-2,0,1,2,45,1,synthetic reply
SYN-0061,T-1,0,1,1,25,1,synthetic reply
SYN-0062,T-7,0,1,1,164,1,synthetic reply
SYN-0062,T-2,0,1,1,45,0,synthetic reply
SYN-0062,T-1,0,1,2,22,0,synthetic reply
SYN-0063,T-7,1,0,0,164,0,synthetic reply
SYN-0063,T-2,1,0,0,50,0,synthetic reply
SYN-0063,T-1,1,0,0,25,1,synthetic reply
SYN-0064,T-7,1,0,0,172,0,synthetic reply
SYN-0064,T-2,1,0,0,44,0,synthetic reply
SYN-0064,T-1,1,0,0,23,0,synthetic reply
SYN-0065,T-7,0,0,0,165,0,synthetic reply
SYN-0065,T-2,0,0,0,45,0,synthetic reply
SYN-0065,T-1,0,0,0,27,0,synthetic reply
SYN-0066,T-7,1,0,1,170,0,synthetic reply
SYN-0066,T-2,1,0,1,47,1,synthetic reply
SYN-0066,T-1,1,0,1,26,1,synthetic reply
SYN-0067,T-7,0,0,0,169,0,synthetic reply
SYN-0067,T-2,0,0,1,46,0,synthetic reply
SYN-0067,T-1,0,0,0,20,0,synthetic reply
SYN-0068,T-7,0,1,1,167,1,synthetic reply
SYN-0068,T-2,0,1,2,51,1,synthetic reply
SYN-0068,T-1,1,1,1,28,0,synthetic reply
SYN-0069,T-7,0,1,1,170,1,synthetic reply
SYN-0069,T-2,0,1,1,46,0,synthetic reply
SYN-0069,T-1,0,1,1,23,0,synthetic reply
SYN-0070,T-7,1,1,3,169,0,synthetic reply
SYN-0070,T-2,1,1,2,46,1,synthetic reply
SYN-0070,T-1,1,1,2,20,0,synthetic reply
SYN-0071,T-7,0,0,1,164,0,synthetic reply
SYN-0071,T-2,1,1,1,52,0,synthetic reply
SYN-0071,T-1,1,1,2,28,1,synthetic reply
SYN-0072,T-7,0,0,1,169,0,synthetic reply
SYN-0072,T-2,0,0,1,52,0,synthetic reply
SYN-0072,T-1,0,0,1,27,1,synthetic reply
SYN-0073,T-7,0,0,1,166,0,synthetic reply
SYN-0073,T-2,0,0,1,47,0,synthetic reply
SYN-0073,T-1,0,0,2,21,1,synthetic reply
SYN-0074,T-7,0,1,2,167,1,synthetic reply
SYN-0074,T-2,0,1,3,51,1,synthetic reply
SYN-0074,T-1,1,1,3,20,1,synthetic reply
SYN-0075,T-7,1,0,2,172,0,synthetic reply
SYN-0075,T-2,1,0,2,49,0,synthetic reply
SYN-0075,T-1,1,0,2,22,0,synthetic reply
SYN-0076,T-7,0,1,2,165,1,synthetic reply
SYN-0076,T-2,0,1,2,51,1,synthetic reply
SYN-0076,T-1,0,1,2,26,1,synthetic reply
SYN-0077,T-7,0,0,1,171,0,synthetic reply
SYN-0077,T-2,0,0,1,44,0,synthetic reply
SYN-0077,T-1,0,0,1,28,0,synthetic reply
SYN-0078,T-7,0,0,1,170,1,synthetic reply
SYN-0078,T-2,0,0,1,52,1,synthetic reply
SYN-0078,T-1,0,1,1,26,0,synthetic reply
SYN-0079,T-7,0,0,0,172,0,synthetic reply
SYN-0079,T-2,0,0,0,49,0,synthetic reply
SYN-0079,T-1,0,0,0,27,0,synthetic reply
SYN-0080,T-7,0,0,1,166,0,synthetic reply
SYN-0080,T-2,0,0,0,49,0,synthetic reply
SYN-0080,T-1,0,0,0,23,0,synthetic reply
SYN-0081,T-7,0,0,1,170,0,synthetic reply
SYN-0081,T-2,0,0,1,49,0,synthetic reply
SYN-0081,T-1,1,0,2,20,1,synthetic reply
SYN-0082,T-7,0,0,2,166,0,synthetic reply
SYN-0082,T-2,0,0,2,47,1,synthetic reply
SYN-0082,T-1,0,0,3,24,1,synthetic reply
SYN-0083,T-7,0,0,1,167,0,synthetic reply
SYN-0083,T-2,0,0,1,45,1,synthetic reply
SYN-0083,T-1,0,0,1,22,0,synthetic reply
SYN-0084,T-7,1,0,2,169,0,synthetic reply
SYN-0084,T-2,1,0,2,44,0,synthetic reply
SYN-0084,T-1,1,0,3,27,1,synthetic reply
SYN-0085,T-7,1,0,2,167,0,synthetic reply
SYN-0085,T-2,1,0,2,51,0,synthetic reply
SYN-0085,T-1,1,0,1,22,0,synthetic reply
SYN-0086,T-7,0,0,0,164,0,synthetic reply
SYN-0086,T-2,1,0,0,49,1,synthetic reply
SYN-0086,T-1,1,0,0,20,0,synthetic reply
SYN-0087,T-7,0,0,0,169,1,synthetic reply
SYN-0087,T-2,0,0,0,51,1,synthetic reply
SYN-0087,T-1,0,0,1,21,0,synthetic reply
SYN-0088,T-7,0,1,0,164,0,synthetic reply
SYN-0088,T-2,0,1,0,48,1,synthetic reply
SYN-0088,T-1,0,1,0,25,0,synthetic reply
SYN-0089,T-7,0,0,0,165,1,synthetic reply
SYN-0089,T-2,0,0,1,47,0,synthetic reply
SYN-0089,T-1,0,1,1,28,0,synthetic reply
SYN-0090,T-7,0,1,0,171,1,synthetic reply
SYN-0090,T-2,0,1,0,47,1,synthetic reply
SYN-0090,T-1,0,1,0,26,0,synthetic reply
SYN-0091,T-7,0,1,2,167,1,synthetic reply
SYN-0091,T-2,0,1,2,47,1,synthetic reply
SYN-0091,T-1,0,1,2,26,1,synthetic reply
SYN-0092,T-7,0,1,0,171,0,synthetic reply
SYN-0092,T-2,0,1,0,50,1,synthetic reply
SYN-0092,T-1,0,1,1,23,0,synthetic reply
SYN-0093,T-7,0,1,1,168,0,synthetic reply
SYN-0093,T-2,0,1,1,44,0,synthetic reply
SYN-0093,T-1,0,1,1,26,0,synthetic reply
SYN-0094,T-7,1,0,0,172,0,synthetic reply
SYN-0094,T-2,1,0,0,51,0,synthetic reply
SYN-0094,T-1,1,0,1,27,0,synthetic reply
SYN-0095,T-7,1,0,1,165,0,synthetic reply
SYN-0095,T-2,1,1,1,52,0,synthetic reply
SYN-0095,T-1,1,1,2,21,0,synthetic reply
SYN-0096,T-7,0,0,0,166,0,synthetic reply
SYN-0096,T-2,1,0,0,51,0,synthetic reply
SYN-0096,T-1,1,0,0,27,1,synthetic reply
SYN-0097,T-7,1,0,0,164,1,synthetic reply
SYN-0097,T-2,1,0,0,51,0,synthetic reply
SYN-0097,T-1,1,0,0,22,1,synthetic reply
SYN-0098,T-7,1,1,1,172,0,synthetic reply
SYN-0098,T-2,1,1,1,50,1,synthetic reply
SYN-0098,T-1,1,1,1,23,1,synthetic reply
SYN-0099,T-7,0,1,1,170,1,synthetic reply
SYN-0099,T-2,0,1,1,45,1,synthetic reply
SYN-0099,T-1,0,1,1,23,0,synthetic reply
SYN-0100,T-7,0,0,0,164,1,synthetic reply
SYN-0100,T-2,0,0,0,52,1,synthetic reply
SYN-0100,T-1,0,0,0,28,0,synthetic reply
SYN-0101,T-7,1,1,2,165,0,synthetic reply
SYN-0101,T-2,1,1,3,45,1,synthetic reply
SYN-0101,T-1,1,1,2,26,1,synthetic reply
SYN-0102,T-7,1,0,2,171,0,synthetic reply
SYN-0102,T-2,1,0,2,50,0,synthetic reply
SYN-0102,T-1,1,1,2,21,0,synthetic reply
SYN-0103,T-7,1,0,2,169,0,synthetic reply
SYN-0103,T-2,1,0,3,46,0,synthetic reply
SYN-0103,T-1,1,0,2,28,1,synthetic reply
SYN-0104,T-7,0,0,0,167,0,synthetic reply
SYN-0104,T-2,0,1,0,44,1,synthetic reply
SYN-0104,T-1,1,1,0,28,1,synthetic reply
SYN-0105,T-7,0,0,1,165,1,synthetic reply
SYN-0105,T-2,0,0,1,46,1,synthetic reply
SYN-0105,T-1,0,0,1,24,0,synthetic reply
SYN-0106,T-7,0,0,2,167,1,synthetic reply
SYN-0106,T-2,0,0,3,48,0,synthetic reply
SYN-0106,T-1,0,0,2,25,1,synthetic reply
SYN-0107,T-7,1,0,1,166,0,synthetic reply
SYN-0107,T-2,1,0,0,48,0,synthetic reply
SYN-0107,T-1,1,0,0,28,1,synthetic reply
SYN-0108,T-7,0,0,2,171,1,synthetic reply
SYN-0108,T-2,0,0,2,51,1,synthetic reply
SYN-0108,T-1,0,0,2,28,1,synthetic reply
SYN-0109,T-7,0,0,2,167,0,synthetic reply
SYN-0109,T-2,0,0,1,50,0,synthetic reply
SYN-0109,T-1,1,0,1,20,0,synthetic reply
SYN-0110,T-7,0,0,0,165,0,synthetic reply
SYN-0110,T-2,0,0,0,45,0,synthetic reply
SYN-0110,T-1,0,0,0,25,0,synthetic reply
SYN-0111,T-7,0,0,0,165,0,synthetic reply
SYN-0111,T-2,0,0,0,49,1,synthetic reply
SYN-0111,T-1,0,0,1,25,1,synthetic reply
SYN-0112,T-7,0,0,1,167,0,synthetic reply
SYN-0112,T-2,0,0,1,50,0,synthetic reply
SYN-0112,T-1,0,0,1,20,1,synthetic reply
SYN-0113,T-7,1,0,1,168,0,synthetic reply
SYN-0113,T-2,1,0,0,46,0,synthetic reply
SYN-0113,T-1,1,0,1,28,0,synthetic reply
SYN-0114,T-7,0,0,0,171,0,synthetic reply
SYN-0114,T-2,1,0,0,52,1,synthetic reply
SYN-0114,T-1,1,0,0,28,0,synthetic reply
SYN-0115,T-7,0,0,0,167,0,synthetic reply
SYN-0115,T-2,0,0,0,52,0,synthetic reply
SYN-0115,T-1,1,1,0,27,0,synthetic reply
SYN-0116,T-7,0,0,1,168,1,synthetic reply
SYN-0116,T-2,0,0,2,49,0,synthetic reply
SYN-0116,T-1,0,0,1,25,1,synthetic reply
SYN-0117,T-7,1,1,1,172,0,synthetic reply
SYN-0117,T-2,1,1,1,50,1,synthetic reply
SYN-0117,T-1,1,1,1,24,0,synthetic reply
SYN-0118,T-7,0,0,1,171,0,synthetic reply
SYN-0118,T-2,0,1,1,46,1,synthetic reply
SYN-0118,T-1,0,1,1,26,0,synthetic reply
SYN-0119,T-7,1,0,1,170,0,synthetic reply
SYN-0119,T-2,1,0,1,51,0,synthetic reply
SYN-0119,T-1,1,0,1,24,0,synthetic reply
SYN-0120,T-7,0,0,2,169,0,synthetic reply
SYN-0120,T-2,0,0,2,51,1,synthetic reply
SYN-0120,T-1,0,0,3,22,0,synthetic reply
SYN-0121,T-7,1,1,0,170,0,synthetic reply
SYN-0121,T-2,1,1,0,48,0,synthetic reply
SYN-0121,T-1,1,1,1,27,1,synthetic reply
SYN-0122,T-7,0,0,1,165,0,synthetic reply
SYN-0122,T-2,1,0,1,47,0,synthetic reply
SYN-0122,T-1,1,0,1,23,0,synthetic reply
SYN-0123,T-7,0,0,2,164,0,synthetic reply
SYN-0123,T-2,0,1,1,49,1,synthetic reply
SYN-0123,T-1,0,1,1,21,1,synthetic reply
SYN-0124,T-7,1,1,2,165,0,synthetic reply
SYN-0124,T-2,1,1,2,49,1,synthetic reply
SYN-0124,T-1,1,1,2,21,0,synthetic reply
SYN-0125,T-7,0,0,0,165,0,synthetic reply
SYN-0125,T-2,0,0,0,45,1,synthetic reply
SYN-0125,T-1,1,0,0,26,0,synthetic reply
SYN-0126,T-7,0,0,3,170,0,synthetic reply
SYN-0126,T-2,0,0,2,49,1,synthetic reply
SYN-0126,T-1,0,0,2,26,0,synthetic reply
SYN-0127,T-7,0,0,1,167,1,synthetic reply
SYN-0127,T-2,0,0,1,44,0,synthetic reply
SYN-0127,T-1,0,0,1,23,1,synthetic reply
SYN-0128,T-7,0,1,0,167,1,synthetic reply
SYN-0128,T-2,0,1,0,50,0,synthetic reply
SYN-0128,T-1,0,1,1,23,1,synthetic reply
SYN-0129,T-7,0,0,1,172,0,synthetic reply
SYN-0129,T-2,0,1,1,44,1,synthetic reply
SYN-0129,T-1,0,1,1,23,1,synthetic reply
SYN-0130,T-7,1,1,1,166,0,synthetic reply
SYN-0130,T-2,1,1,2,47,0,synthetic reply
SYN-0130,T-1,1,1,2,23,0,synthetic reply
SYN-0131,T-7,1,0,2,172,0,synthetic reply
SYN-0131,T-2,1,0,2,50,1,synthetic reply
SYN-0131,T-1,1,1,2,24,1,synthetic reply
SYN-0132,T-7,0,0,1,171,0,synthetic reply
SYN-0132,T-2,0,0,1,47,1,synthetic reply
SYN-0132,T-1,0,0,1,28,0,synthetic reply
SYN-0133,T-7,0,0,1,170,0,synthetic reply
SYN-0133,T-2,0,0,1,50,0,synthetic reply
SYN-0133,T-1,0,0,2,23,1,synthetic reply
SYN-0134,T-7,1,0,1,169,0,synthetic reply
SYN-0134,T-2,1,0,1,51,1,synthetic reply
SYN-0134,T-1,1,0,1,20,0,synthetic reply
SYN-0135,T-7,1,0,1,166,0,synthetic reply
SYN-0135,T-2,1,0,1,52,1,synthetic reply
SYN-0135,T-1,1,0,1,27,0,synthetic reply
SYN-0136,T-7,0,1,0,168,0,synthetic reply
SYN-0136,T-2,0,1,0,50,1,synthetic reply
SYN-0136,T-1,1,1,0,27,0,synthetic reply
SYN-0137,T-7,0,0,1,170,0,synthetic reply
SYN-0137,T-2,0,0,1,47,1,synthetic reply
SYN-0137,T-1,0,0,1,23,1,synthetic reply
SYN-0138,T-7,1,0,2,169,0,synthetic reply
SYN-0138,T-2,1,0,2,44,0,synthetic reply
SYN-0138,T-1,1,0,2,25,0,synthetic reply
SYN-0139,T-7,0,0,0,164,0,synthetic reply
SYN-0139,T-2,0,0,0,44,1,synthetic reply
SYN-0139,T-1,0,0,0,27,1,synthetic reply
SYN-0140,T-7,1,0,2,172,0,synthetic reply
SYN-0140,T-2,1,0,3,45,0,synthetic reply
SYN-0140,T-1,1,0,2,24,0,synthetic reply
SYN-0141,T-7,1,0,2,171,0,synthetic reply
SYN-0141,T-2,1,0,2,52,0,synthetic reply
SYN-0141,T-1,1,0,3,25,0,synthetic reply
SYN-0142,T-7,0,1,0,164,0,synthetic reply
SYN-0142,T-2,0,1,0,45,1,synthetic reply
SYN-0142,T-1,0,1,0,20,1,synthetic reply
SYN-0143,T-7,0,0,2,169,0,synthetic reply
SYN-0143,T-2,0,0,1,45,0,synthetic reply
SYN-0143,T-1,0,0,1,24,1,synthetic reply
SYN-0144,T-7,0,0,1,164,0,synthetic reply
SYN-0144,T-2,0,0,0,51,1,synthetic reply
SYN-0144,T-1,1,0,0,27,1,synthetic reply
SYN-0145,T-7,1,1,0,164,0,synthetic reply
SYN-0145,T-2,1,1,0,51,0,synthetic reply
SYN-0145,T-1,1,1,0,22,0,synthetic reply
SYN-0146,T-7,1,0,2,170,1,synthetic reply
SYN-0146,T-2,1,0,2,49,1,synthetic reply
SYN-0146,T-1,1,0,2,20,1,synthetic reply
SYN-0147,T-7,0,0,2,165,1,synthetic reply
SYN-0147,T-2,0,0,2,45,1,synthetic reply
SYN-0147,T-1,0,1,2,20,1,synthetic reply
SYN-0148,T-7,0,0,2,164,0,synthetic reply
SYN-0148,T-2,0,0,1,48,0,synthetic reply
SYN-0148,T-1,0,0,1,22,0,synthetic reply
SYN-0149,T-7,0,0,0,171,0,synthetic reply
SYN-0149,T-2,0,0,0,45,1,synthetic reply
SYN-0149,T-1,1,0,0,25,0,synthetic reply
SYN-0150,T-7,0,0,0,171,1,synthetic reply
SYN-0150,T-2,0,0,0,49,1,synthetic reply
SYN-0150,T-1,0,0,0,28,1,synthetic reply
SYN-0151,T-7,1,0,0,167,0,synthetic reply
SYN-0151,T-2,1,0,0,46,1,synthetic reply
SYN-0151,T-1,1,0,1,25,0,synthetic reply
SYN-0152,T-7,0,1,1,166,1,synthetic reply
SYN-0152,T-2,0,1,1,52,1,synthetic reply
SYN-0152,T-1,0,1,1,21,1,synthetic reply
SYN-0153,T-7,1,0,1,172,0,synthetic reply
SYN-0153,T-2,1,0,1,51,1,synthetic reply
SYN-0153,T-1,1,0,1,26,0,synthetic reply
SYN-0154,T-7,1,1,2,167,0,synthetic reply
SYN-0154,T-2,1,1,2,45,0,synthetic reply
SYN-0154,T-1,1,1,2,26,1,synthetic reply
SYN-0155,T-7,1,0,3,164,0,synthetic reply
SYN-0155,T-2,1,0,2,50,0,synthetic reply
SYN-0155,T-1,1,0,2,20,0,synthetic reply
SYN-0156,T-7,1,0,0,168,0,synthetic reply
SYN-0156,T-2,1,0,0,47,1,synthetic reply
SYN-0156,T-1,1,0,0,20,0,synthetic reply
SYN-0157,T-7,1,1,2,164,0,synthetic reply
SYN-0157,T-2,1,1,2,47,1,synthetic reply
SYN-0157,T-1,1,1,2,21,0,synthetic reply
SYN-0158,T-7,0,1,1,166,0,synthetic reply
SYN-0158,T-2,0,1,2,47,1,synthetic reply
SYN-0158,T-1,0,1,2,28,0,synthetic reply
SYN-0159,T-7,1,1,0,172,0,synthetic reply
SYN-0159,T-2,1,1,0,45,0,synthetic reply
SYN-0159,T-1,1,1,0,24,1,synthetic reply
SYN-0160,T-7,0,0,2,172,0,synthetic reply
SYN-0160,T-2,0,0,2,47,1,synthetic reply
SYN-0160,T-1,0,0,2,23,1,synthetic reply
SYN-0161,T-7,1,0,1,171,1,synthetic reply
SYN-0161,T-2,1,0,0,49,0,synthetic reply
SYN-0161,T-1,1,0,1,23,0,synthetic reply
SYN-0162,T-7,1,0,1,169,0,synthetic reply
SYN-0162,T-2,1,0,1,49,0,synthetic reply
SYN-0162,T-1,1,0,1,28,0,synthetic reply
SYN-0163,T-7,0,0,0,164,0,synthetic reply
SYN-0163,T-2,0,0,1,49,0,synthetic reply
SYN-0163,T-1,1,0,0,23,0,synthetic reply
SYN-0164,T-7,0,0,2,169,1,synthetic reply
SYN-0164,T-2,0,0,2,45,0,synthetic reply
SYN-0164,T-1,0,0,2,21,0,synthetic reply
SYN-0165,T-7,0,0,1,165,1,synthetic reply
SYN-0165,T-2,0,0,1,51,1,synthetic reply
SYN-0165,T-1,0,0,1,20,1,synthetic reply
SYN-0166,T-7,0,1,1,172,1,synthetic reply
SYN-0166,T-2,0,1,1,45,1,synthetic reply
SYN-0166,T-1,0,1,1,24,1,synthetic reply
SYN-0167,T-7,0,1,1,165,1,synthetic reply
SYN-0167,T-2,0,1,1,48,1,synthetic reply
SYN-0167,T-1,0,1,1,20,0,synthetic reply
SYN-0168,T-7,0,1,0,164,0,synthetic reply
SYN-0168,T-2,0,1,0,51,0,synthetic reply
SYN-0168,T-1,0,1,1,23,1,synthetic reply
SYN-0169,T-7,0,0,1,165,0,synthetic reply
SYN-0169,T-2,0,0,1,47,0,synthetic reply
SYN-0169,T-1,0,0,1,22,0,synthetic reply
SYN-0170,T-7,1,1,1,164,0,synthetic reply
SYN-0170,T-2,1,1,2,47,0,synthetic reply
SYN-0170,T-1,1,1,1,22,0,synthetic reply
SYN-0171,T-7,1,0,0,165,0,synthetic reply
SYN-0171,T-2,1,0,0,48,1,synthetic reply
SYN-0171,T-1,1,1,0,21,0,synthetic reply
SYN-0172,T-7,0,0,2,170,1,synthetic reply
SYN-0172,T-2,0,0,3,47,0,synthetic reply
SYN-0172,T-1,0,0,2,23,1,synthetic reply
SYN-0173,T-7,1,1,3,165,1,synthetic reply
SYN-0173,T-2,1,1,2,45,0,synthetic reply
SYN-0173,T-1,1,1,2,28,0,synthetic reply
SYN-0174,T-7,1,0,0,165,0,synthetic reply
SYN-0174,T-2,1,0,0,52,0,synthetic reply
SYN-0174,T-1,1,0,1,24,0,synthetic reply
SYN-0175,T-7,1,1,2,166,0,synthetic reply
SYN-0175,T-2,1,1,2,50,0,synthetic reply
SYN-0175,T-1,1,1,3,26,1,synthetic reply
SYN-0176,T-7,1,0,1,165,0,synthetic reply
SYN-0176,T-2,1,0,1,44,1,synthetic reply
SYN-0176,T-1,1,0,1,22,0,synthetic reply
SYN-0177,T-7,1,0,2,169,0,synthetic reply
SYN-0177,T-2,1,0,2,46,0,synthetic reply
SYN-0177,T-1,1,0,2,24,0,synthetic reply
SYN-0178,T-7,0,1,1,166,1,synthetic reply
SYN-0178,T-2,0,1,1,49,1,synthetic reply
SYN-0178,T-1,0,1,2,27,1,synthetic reply
SYN-0179,T-7,1,1,0,164,0,synthetic reply
SYN-0179,T-2,1,1,0,49,0,synthetic reply
SYN-0179,T-1,1,1,0,21,1,synthetic reply
SYN-0180,T-7,1,0,1,165,0,synthetic reply
SYN-0180,T-2,1,0,0,47,0,synthetic reply
SYN-0180,T-1,1,0,0,24,0,synthetic reply
SYN-0181,T-7,1,1,0,171,0,synthetic reply
SYN-0181,T-2,1,1,0,50,0,synthetic reply
SYN-0181,T-1,1,1,0,21,0,synthetic reply
SYN-0182,T-7,0,1,1,170,1,synthetic reply
SYN-0182,T-2,0,1,1,52,1,synthetic reply
SYN-0182,T-1,0,1,1,25,1,synthetic reply
SYN-0183,T-7,1,0,0,169,0,synthetic reply
SYN-0183,T-2,1,0,0,45,1,synthetic reply
SYN-0183,T-1,1,0,0,26,0,synthetic reply
SYN-0184,T-7,0,0,1,165,0,synthetic reply
SYN-0184,T-2,0,1,2,48,0,synthetic reply
SYN-0184,T-1,0,1,1,22,0,synthetic reply
SYN-0185,T-7,1,0,2,168,0,synthetic reply
SYN-0185,T-2,1,0,2,52,1,synthetic reply
SYN-0185,T-1,1,0,1,22,0,synthetic reply
SYN-0186,T-7,1,0,2,172,0,synthetic reply
SYN-0186,T-2,1,0,2,51,0,synthetic reply
SYN-0186,T-1,1,0,3,21,1,synthetic reply
SYN-0187,T-7,0,0,0,171,1,synthetic reply
SYN-0187,T-2,0,0,0,44,0,synthetic reply
SYN-0187,T-1,1,0,0,22,0,synthetic reply
SYN-0188,T-7,1,0,0,169,0,synthetic reply
SYN-0188,T-2,1,0,0,45,0,synthetic reply
SYN-0188,T-1,1,0,0,25,1,synthetic reply
SYN-0189,T-7,1,1,0,166,0,synthetic reply
SYN-0189,T-2,1,1,0,51,0,synthetic reply
SYN-0189,T-1,1,1,0,26,0,synthetic reply
SYN-0190,T-7,1,0,2,165,0,synthetic reply
SYN-0190,T-2,1,0,2,49,0,synthetic reply
SYN-0190,T-1,1,0,2,28,0,synthetic reply
SYN-0191,T-7,0,0,2,164,1,synthetic reply
SYN-0191,T-2,0,0,1,48,1,synthetic reply
SYN-0191,T-1,0,0,1,27,0,synthetic reply
SYN-0192,T-7,1,0,2,172,1,synthetic reply
SYN-0192,T-2,1,0,2,46,0,synthetic reply
SYN-0192,T-1,1,0,2,23,0,synthetic reply
SYN-0193,T-7,0,1,1,170,0,synthetic reply
SYN-0193,T-2,0,1,1,50,0,synthetic reply
SYN-0193,T-1,0,1,1,26,1,synthetic reply
SYN-0194,T-7,0,0,0,167,1,synthetic reply
SYN-0194,T-2,0,0,0,47,0,synthetic reply
SYN-0194,T-1,0,0,0,24,1,synthetic reply
SYN-0195,T-7,0,0,0,165,0,synthetic reply
SYN-0195,T-2,1,0,0,49,0,synthetic reply
SYN-0195,T-1,1,1,1,21,1,synthetic reply
SYN-0196,T-7,0,0,1,170,0,synthetic reply
SYN-0196,T-2,0,0,1,49,1,synthetic reply
SYN-0196,T-1,0,0,1,28,1,synthetic reply
SYN-0197,T-7,0,0,2,167,0,synthetic reply
SYN-0197,T-2,0,0,2,46,1,synthetic reply
SYN-0197,T-1,0,0,2,25,0,synthetic reply
SYN-0198,T-7,1,1,0,167,0,synthetic reply
SYN-0198,T-2,1,1,0,52,0,synthetic reply
SYN-0198,T-1,1,1,0,22,0,synthetic reply
SYN-0199,T-7,1,1,1,172,0,synthetic reply
SYN-0199,T-2,1,1,1,51,0,synthetic reply
SYN-0199,T-1,1,1,1,22,1,synthetic reply
SYN-0200,T-7,1,0,1,166,0,synthetic reply
SYN-0200,T-2,1,0,1,44,0,synthetic reply
SYN-0200,T-1,1,0,1,25,1,synthetic reply
SYN-0201,T-7,0,0,2,172,0,synthetic reply
SYN-0201,T-2,0,0,2,45,1,synthetic reply
SYN-0201,T-1,0,0,3,28,1,synthetic reply
SYN-0202,T-7,0,1,2,170,0,synthetic reply
SYN-0202,T-2,0,1,2,52,0,synthetic reply
SYN-0202,T-1,0,1,2,26,0,synthetic reply
SYN-0203,T-7,0,1,0,167,0,synthetic reply
SYN-0203,T-2,0,1,0,45,1,synthetic reply
SYN-0203,T-1,0,1,0,22,1,synthetic reply
SYN-0204,T-7,1,0,0,168,0,synthetic reply
SYN-0204,T-2,1,0,1,50,1,synthetic reply
SYN-0204,T-1,1,0,1,28,0,synthetic reply
SYN-0205,T-7,0,0,1,166,1,synthetic reply
SYN-0205,T-2,0,1,1,44,1,synthetic reply
SYN-0205,T-1,1,1,1,26,0,synthetic reply
SYN-0206,T-7,1,1,2,166,0,synthetic reply
SYN-0206,T-2,1,1,3,50,1,synthetic reply
SYN-0206,T-1,1,1,2,22,0,synthetic reply
SYN-0207,T-7,0,0,0,167,0,synthetic reply
SYN-0207,T-2,0,0,0,47,0,synthetic reply
SYN-0207,T-1,0,0,0,25,1,synthetic reply
SYN-0208,T-7,0,0,2,169,0,synthetic reply
SYN-0208,T-2,0,0,3,45,1,synthetic reply
SYN-0208,T-1,0,0,2,27,1,synthetic reply
SYN-0209,T-7,1,0,2,164,1,synthetic reply
SYN-0209,T-2,1,0,3,50,0,synthetic reply
SYN-0209,T-1,1,0,3,21,0,synthetic reply
SYN-0210,T-7,1,0,1,164,0,synthetic reply
SYN-0210,T-2,1,0,0,48,0,synthetic reply
SYN-0210,T-1,1,0,0,21,0,synthetic reply
SYN-0211,T-7,0,1,2,170,1,synthetic reply
SYN-0211,T-2,1,1,2,50,1,synthetic reply
SYN-0211,T-1,1,1,2,20,0,synthetic reply
SYN-0212,T-7,0,1,0,169,1,synthetic reply
SYN-0212,T-2,0,1,1,49,0,synthetic reply
SYN-0212,T-1,1,1,0,23,0,synthetic reply
SYN-0213,T-7,1,0,1,171,0,synthetic reply
SYN-0213,T-2,1,0,1,44,0,synthetic reply
SYN-0213,T-1,1,0,1,25,0,synthetic reply
SYN-0214,T-7,0,0,2,167,1,synthetic reply
SYN-0214,T-2,0,0,3,50,0,synthetic reply
SYN-0214,T-1,0,0,2,21,0,synthetic reply
SYN-0215,T-7,0,0,2,168,1,synthetic reply
SYN-0215,T-2,0,0,2,49,0,synthetic reply
SYN-0215,T-1,0,0,2,21,1,synthetic reply
SYN-0216,T-7,1,1,1,167,0,synthetic reply
SYN-0216,T-2,1,1,0,50,1,synthetic reply
SYN-0216,T-1,1,1,0,26,0,synthetic reply
SYN-0217,T-7,0,0,2,169,0,synthetic reply
SYN-0217,T-2,0,0,2,50,1,synthetic reply
SYN-0217,T-1,0,0,2,25,1,synthetic reply
SYN-0218,T-7,1,0,2,168,0,synthetic reply
SYN-0218,T-2,1,0,2,50,0,synthetic reply
SYN-0218,T-1,1,0,2,27,0,synthetic reply
SYN-0219,T-7,1,1,1,165,0,synthetic reply
SYN-0219,T-2,1,1,1,45,0,synthetic reply
SYN-0219,T-1,1,1,1,21,0,synthetic reply
SYN-0220,T-7,0,0,2,172,0,synthetic reply
SYN-0220,T-2,1,1,2,48,1,synthetic reply
SYN-0220,T-1,1,1,2,23,1,synthetic reply
SYN-0221,T-7,0,0,1,168,1,synthetic reply
SYN-0221,T-2,1,0,1,48,1,synthetic reply
SYN-0221,T-1,1,0,1,28,0,synthetic reply
SYN-0222,T-7,0,0,2,164,0,synthetic reply
SYN-0222,T-2,0,0,1,47,1,synthetic reply
SYN-0222,T-1,0,0,1,21,1,synthetic reply
SYN-0223,T-7,0,0,0,165,0,synthetic reply
SYN-0223,T-2,0,0,0,46,0,synthetic reply
SYN-0223,T-1,0,0,0,27,1,synthetic reply
SYN-0224,T-7,0,1,0,166,1,synthetic reply
SYN-0224,T-2,0,1,1,50,1,synthetic reply
SYN-0224,T-1,0,1,0,20,0,synthetic reply
SYN-0225,T-7,0,0,0,166,1,synthetic reply
SYN-0225,T-2,0,0,0,52,0,synthetic reply
SYN-0225,T-1,1,0,0,25,0,synthetic reply
SYN-0226,T-7,1,1,1,168,0,synthetic reply
SYN-0226,T-2,1,1,1,47,0,synthetic reply
SYN-0226,T-1,1,1,1,22,0,synthetic reply
SYN-0227,T-7,1,1,0,168,0,synthetic reply
SYN-0227,T-2,1,1,0,50,0,synthetic reply
SYN-0227,T-1,1,1,1,26,0,synthetic reply
SYN-0228,T-7,1,0,1,165,0,synthetic reply
SYN-0228,T-2,1,0,0,46,0,synthetic reply
SYN-0228,T-1,1,0,0,23,0,synthetic reply
SYN-0229,T-7,1,0,1,166,0,synthetic reply
SYN-0229,T-2,1,0,1,48,0,synthetic reply
SYN-0229,T-1,1,0,1,21,0,synthetic reply
SYN-0230,T-7,1,0,0,164,0,synthetic reply
SYN-0230,T-2,1,0,0,45,1,synthetic reply
SYN-0230,T-1,1,0,0,27,0,synthetic reply
SYN-0231,T-7,0,1,2,166,0,synthetic reply
SYN-0231,T-2,0,1,2,52,0,synthetic reply
SYN-0231,T-1,0,1,2,23,1,synthetic reply
SYN-0232,T-7,1,0,3,168,0,synthetic reply
SYN-0232,T-2,1,0,2,45,1,synthetic reply
SYN-0232,T-1,1,0,2,27,1,synthetic reply
SYN-0233,T-7,1,1,2,165,1,synthetic reply
SYN-0233,T-2,1,1,2,48,1,synthetic reply
SYN-0233,T-1,1,1,2,27,0,synthetic reply
SYN-0234,T-7,0,0,2,164,1,synthetic reply
SYN-0234,T-2,0,0,1,47,0,synthetic reply
SYN-0234,T-1,0,0,2,28,1,synthetic reply
SYN-0235,T-7,1,0,1,170,0,synthetic reply
SYN-0235,T-2,1,0,1,46,1,synthetic reply
SYN-0235,T-1,1,0,1,26,0,synthetic reply
SYN-0236,T-7,0,1,0,172,0,synthetic reply
SYN-0236,T-2,0,1,0,50,0,synthetic reply
SYN-0236,T-1,0,1,0,26,0,synthetic reply
SYN-0237,T-7,0,1,1,164,1,synthetic reply
SYN-0237,T-2,0,1,1,47,0,synthetic reply
SYN-0237,T-1,0,1,1,27,1,synthetic reply
SYN-0238,T-7,0,0,1,166,0,synthetic reply
SYN-0238,T-2,0,0,1,50,1,synthetic reply
SYN-0238,T-1,0,0,1,25,0,synthetic reply
SYN-0239,T-7,0,1,1,170,0,synthetic reply
SYN-0239,T-2,0,1,1,52,0,synthetic reply
SYN-0239,T-1,0,1,2,24,1,synthetic reply
SYN-0240,T-7,1,1,1,164,1,synthetic reply
SYN-0240,T-2,1,1,1,45,1,synthetic reply
SYN-0240,T-1,1,1,0,28,1,synthetic reply
SYN-0241,T-7,0,1,3,170,1,synthetic reply
SYN-0241,T-2,1,1,2,47,0,synthetic reply
SYN-0241,T-1,1,1,2,22,0,synthetic reply
SYN-0242,T-7,0,0,0,169,1,synthetic reply
SYN-0242,T-2,0,0,0,50,1,synthetic reply
SYN-0242,T-1,0,0,0,20,1,synthetic reply
SYN-0243,T-7,0,0,0,168,0,synthetic reply
SYN-0243,T-2,0,0,0,52,0,synthetic reply
SYN-0243,T-1,0,0,1,28,1,synthetic reply
SYN-0244,T-7,1,0,2,164,0,synthetic reply
SYN-0244,T-2,1,0,2,45,0,synthetic reply
SYN-0244,T-1,1,0,3,20,0,synthetic reply
SYN-0245,T-7,1,0,1,171,0,synthetic reply
SYN-0245,T-2,1,1,1,51,0,synthetic reply
SYN-0245,T-1,1,1,1,20,1,synthetic reply
SYN-0246,T-7,0,0,3,168,0,synthetic reply
SYN-0246,T-2,0,0,2,45,0,synthetic reply
SYN-0246,T-1,0,0,2,28,1,synthetic reply
SYN-0247,T-7,1,0,1,167,0,synthetic reply
SYN-0247,T-2,1,0,1,47,0,synthetic reply
SYN-0247,T-1,1,0,1,27,0,synthetic reply
SYN-0248,T-7,0,0,2,172,0,synthetic reply
SYN-0248,T-2,0,0,2,44,0,synthetic reply
SYN-0248,T-1,0,0,2,23,1,synthetic reply
SYN-0249,T-7,1,0,2,168,1,synthetic reply
SYN-0249,T-2,1,0,2,47,1,synthetic reply
SYN-0249,T-1,1,0,2,21,0,synthetic reply
SYN-0250,T-7,0,1,2,171,1,synthetic reply
SYN-0250,T-2,0,1,2,46,1,synthetic reply
SYN-0250,T-1,0,1,2,20,0,synthetic reply
SYN-0251,T-7,1,0,2,172,0,synthetic reply
SYN-0251,T-2,1,0,1,52,0,synthetic reply
SYN-0251,T-1,1,0,2,23,1,synthetic reply
SYN-0252,T-7,0,0,0,166,0,synthetic reply
SYN-0252,T-2,0,0,0,45,1,synthetic reply
SYN-0252,T-1,0,0,1,25,1,synthetic reply
SYN-0253,T-7,0,1,2,168,1,synthetic reply
SYN-0253,T-2,0,1,2,45,1,synthetic reply
SYN-0253,T-1,0,1,2,22,1,synthetic reply
SYN-0254,T-7,0,1,3,172,1,synthetic reply
SYN-0254,T-2,0,1,3,52,1,synthetic reply
SYN-0254,T-1,0,1,2,23,1,synthetic reply
SYN-0255,T-7,0,0,1,167,1,synthetic reply
SYN-0255,T-2,0,1,1,45,0,synthetic reply
SYN-0255,T-1,0,1,1,28,0,synthetic reply
SYN-0256,T-7,0,0,1,171,0,synthetic reply
SYN-0256,T-2,0,0,1,49,1,synthetic reply
SYN-0256,T-1,0,0,1,27,0,synthetic reply
SYN-0257,T-7,0,0,1,165,0,synthetic reply
SYN-0257,T-2,0,0,1,50,0,synthetic reply
SYN-0257,T-1,0,0,1,21,0,synthetic reply
SYN-0258,T-7,1,0,1,168,0,synthetic reply
SYN-0258,T-2,1,0,1,44,0,synthetic reply
SYN-0258,T-1,1,0,1,28,0,synthetic reply
SYN-0259,T-7,0,1,0,164,0,synthetic reply
SYN-0259,T-2,1,1,0,49,0,synthetic reply
SYN-0259,T-1,1,1,1,24,0,synthetic reply
SYN-0260,T-7,0,0,1,170,0,synthetic reply
SYN-0260,T-2,0,0,0,44,1,synthetic reply
SYN-0260,T-1,0,0,0,28,0,synthetic reply
SYN-0261,T-7,1,0,1,165,0,synthetic reply
SYN-0261,T-2,1,0,1,52,0,synthetic reply
SYN-0261,T-1,1,0,2,21,0,synthetic reply
SYN-0262,T-7,0,0,2,171,0,synthetic reply
SYN-0262,T-2,0,0,3,47,0,synthetic reply
SYN-0262,T-1,0,0,2,22,1,synthetic reply
SYN-0263,T-7,0,0,0,166,0,synthetic reply
SYN-0263,T-2,0,0,0,52,0,synthetic reply
SYN-0263,T-1,0,0,0,25,0,synthetic reply
SYN-0264,T-7,0,0,1,172,0,synthetic reply
SYN-0264,T-2,1,0,1,46,0,synthetic reply
SYN-0264,T-1,1,0,1,28,0,synthetic reply
SYN-0265,T-7,1,1,2,168,1,synthetic reply
SYN-0265,T-2,1,1,2,48,0,synthetic reply
SYN-0265,T-1,1,1,2,26,0,synthetic reply
SYN-0266,T-7,0,1,0,164,0,synthetic reply
SYN-0266,T-2,0,1,0,45,0,synthetic reply
SYN-0266,T-1,0,1,0,26,0,synthetic reply
SYN-0267,T-7,0,0,0,164,0,synthetic reply
SYN-0267,T-2,0,0,0,48,1,synthetic reply
SYN-0267,T-1,0,1,0,27,1,synthetic reply
SYN-0268,T-7,1,0,1,169,0,synthetic reply
SYN-0268,T-2,1,0,1,46,0,synthetic reply
SYN-0268,T-1,1,0,1,26,0,synthetic reply
SYN-0269,T-7,0,1,1,171,1,synthetic reply
SYN-0269,T-2,1,1,1,47,0,synthetic reply
SYN-0269,T-1,1,1,1,28,0,synthetic reply
SYN-0270,T-7,1,0,2,165,0,synthetic reply
SYN-0270,T-2,1,0,1,46,0,synthetic reply
SYN-0270,T-1,1,0,1,28,0,synthetic reply
SYN-0271,T-7,1,1,1,167,0,synthetic reply
SYN-0271,T-2,1,1,0,45,0,synthetic reply
SYN-0271,T-1,1,1,0,26,1,synthetic reply
SYN-0272,T-7,1,0,0,168,0,synthetic reply
SYN-0272,T-2,1,0,0,46,0,synthetic reply
SYN-0272,T-1,1,0,0,25,0,synthetic reply
SYN-0273,T-7,0,0,0,169,0,synthetic reply
SYN-0273,T-2,0,0,0,46,1,synthetic reply
SYN-0273,T-1,0,0,0,24,1,synthetic reply
SYN-0274,T-7,1,0,0,172,0,synthetic reply
SYN-0274,T-2,1,0,1,49,0,synthetic reply
SYN-0274,T-1,1,0,0,21,0,synthetic reply
SYN-0275,T-7,0,0,2,168,1,synthetic reply
SYN-0275,T-2,0,0,3,46,1,synthetic reply
SYN-0275,T-1,0,0,2,25,1,synthetic reply
SYN-0276,T-7,1,1,2,164,0,synthetic reply
SYN-0276,T-2,1,1,2,49,1,synthetic reply
SYN-0276,T-1,1,1,3,20,1,synthetic reply
SYN-0277,T-7,1,1,3,170,0,synthetic reply
SYN-0277,T-2,1,1,2,52,1,synthetic reply
SYN-0277,T-1,1,1,2,20,1,synthetic reply
SYN-0278,T-7,1,0,1,165,0,synthetic reply
SYN-0278,T-2,1,0,1,45,0,synthetic reply
SYN-0278,T-1,1,0,1,25,0,synthetic reply
SYN-0279,T-7,0,0,0,167,0,synthetic reply
SYN-0279,T-2,0,0,0,47,1,synthetic reply
SYN-0279,T-1,0,0,0,26,1,synthetic reply
SYN-0280,T-7,0,0,0,169,1,synthetic reply
SYN-0280,T-2,0,0,0,48,0,synthetic reply
SYN-0280,T-1,0,0,0,21,0,synthetic reply
SYN-0281,T-7,0,0,1,164,1,synthetic reply
SYN-0281,T-2,0,0,1,51,1,synthetic reply
SYN-0281,T-1,0,0,1,26,0,synthetic reply
SYN-0282,T-7,1,1,2,170,0,synthetic reply
SYN-0282,T-2,1,1,3,44,1,synthetic reply
SYN-0282,T-1,1,1,3,27,0,synthetic reply
SYN-0283,T-7,0,0,1,166,0,synthetic reply
SYN-0283,T-2,0,0,2,47,0,synthetic reply
SYN-0283,T-1,0,0,1,25,1,synthetic reply
SYN-0284,T-7,0,0,2,164,0,synthetic reply
SYN-0284,T-2,0,1,2,52,0,synthetic reply
SYN-0284,T-1,0,1,2,21,1,synthetic reply
SYN-0285,T-7,0,0,3,168,0,synthetic reply
SYN-0285,T-2,1,0,2,49,0,synthetic reply
SYN-0285,T-1,1,0,2,24,0,synthetic reply
SYN-0286,T-7,1,0,2,170,1,synthetic reply
SYN-0286,T-2,1,0,2,47,1,synthetic reply
SYN-0286,T-1,1,0,3,27,1,synthetic reply
SYN-0287,T-7,0,1,0,166,1,synthetic reply
SYN-0287,T-2,0,1,0,44,1,synthetic reply
SYN-0287,T-1,0,1,0,22,0,synthetic reply
SYN-0288,T-7,1,1,1,168,0,synthetic reply
SYN-0288,T-2,1,1,1,50,1,synthetic reply
SYN-0288,T-1,1,1,1,21,0,synthetic reply
SYN-0289,T-7,0,1,1,170,1,synthetic reply
SYN-0289,T-2,0,1,1,48,1,synthetic reply
SYN-0289,T-1,1,1,1,24,0,synthetic reply
SYN-0290,T-7,1,0,1,168,0,synthetic reply
SYN-0290,T-2,1,0,1,44,1,synthetic reply
SYN-0290,T-1,1,1,1,25,0,synthetic reply
SYN-0291,T-7,0,0,0,168,0,synthetic reply
SYN-0291,T-2,0,0,0,52,0,synthetic reply
SYN-0291,T-1,0,0,0,28,0,synthetic reply
SYN-0292,T-7,1,1,1,170,0,synthetic reply
SYN-0292,T-2,1,1,0,45,0,synthetic reply
SYN-0292,T-1,1,1,0,23,0,synthetic reply
SYN-0293,T-7,1,0,0,169,0,synthetic reply
SYN-0293,T-2,1,0,0,47,0,synthetic reply
SYN-0293,T-1,1,0,0,25,1,synthetic reply
SYN-0294,T-7,0,0,3,166,1,synthetic reply
SYN-0294,T-2,0,0,3,50,0,synthetic reply
SYN-0294,T-1,0,0,2,25,1,synthetic reply
SYN-0295,T-7,0,1,0,172,1,synthetic reply
SYN-0295,T-2,0,1,1,49,1,synthetic reply
SYN-0295,T-1,1,1,0,28,0,synthetic reply
SYN-0296,T-7,0,0,1,172,0,synthetic reply
SYN-0296,T-2,0,0,2,51,0,synthetic reply
SYN-0296,T-1,1,0,1,24,0,synthetic reply
SYN-0297,T-7,0,0,1,172,0,synthetic reply
SYN-0297,T-2,0,0,1,47,0,synthetic reply
SYN-0297,T-1,0,0,1,21,0,synthetic reply
SYN-0298,T-7,0,0,1,168,0,synthetic reply
SYN-0298,T-2,0,0,1,47,0,synthetic reply
SYN-0298,T-1,0,0,1,20,1,synthetic reply
SYN-0299,T-7,1,0,0,171,0,synthetic reply
SYN-0299,T-2,1,0,1,49,0,synthetic reply
SYN-0299,T-1,1,0,0,20,0,synthetic reply
SYN-0300,T-7,1,0,1,168,0,synthetic reply
SYN-0300,T-2,1,0,1,51,0,synthetic reply
SYN-0300,T-1,1,0,1,20,0,synthetic reply
SYN-0301,T-7,1,0,0,164,0,synthetic reply
SYN-0301,T-2,1,0,0,50,0,synthetic reply
SYN-0301,T-1,1,0,0,20,0,synthetic reply
SYN-0302,T-7,0,0,3,172,1,synthetic reply
SYN-0302,T-2,0,0,2,44,0,synthetic reply
SYN-0302,T-1,0,0,2,21,1,synthetic reply
SYN-0303,T-7,0,1,1,168,0,synthetic reply
SYN-0303,T-2,0,1,2,47,1,synthetic reply
SYN-0303,T-1,0,1,1,20,1,synthetic reply
SYN-0304,T-7,1,0,2,169,0,synthetic reply
SYN-0304,T-2,1,0,2,49,0,synthetic reply
SYN-0304,T-1,1,0,2,26,0,synthetic reply
SYN-0305,T-7,0,1,1,166,0,synthetic reply
SYN-0305,T-2,0,1,1,48,0,synthetic reply
SYN-0305,T-1,0,1,1,26,1,synthetic reply
SYN-0306,T-7,0,0,0,170,0,synthetic reply
SYN-0306,T-2,0,0,0,49,1,synthetic reply
SYN-0306,T-1,0,1,1,22,1,synthetic reply
SYN-0307,T-7,1,0,2,171,0,synthetic reply
SYN-0307,T-2,1,0,2,47,0,synthetic reply
SYN-0307,T-1,1,0,2,22,0,synthetic reply
SYN-0308,T-7,1,1,1,166,1,synthetic reply
SYN-0308,T-2,1,1,1,45,0,synthetic reply
SYN-0308,T-1,1,1,1,26,0,synthetic reply
SYN-0309,T-7,1,1,2,167,0,synthetic reply
SYN-0309,T-2,1,1,2,47,1,synthetic reply
SYN-0309,T-1,1,1,2,22,1,synthetic reply
SYN-0310,T-7,0,1,2,172,0,synthetic reply
SYN-0310,T-2,0,1,2,44,1,synthetic reply
SYN-0310,T-1,1,1,2,20,0,synthetic reply
SYN-0311,T-7,0,0,1,171,1,synthetic reply
SYN-0311,T-2,0,0,1,50,1,synthetic reply
SYN-0311,T-1,0,0,0,20,0,synthetic reply
SYN-0312,T-7,0,0,0,170,0,synthetic reply
SYN-0312,T-2,0,0,0,47,1,synthetic reply
SYN-0312,T-1,0,0,0,26,1,synthetic reply
SYN-0313,T-7,0,1,1,165,0,synthetic reply
SYN-0313,T-2,0,1,1,47,1,synthetic reply
SYN-0313,T-1,0,1,1,26,0,synthetic reply
SYN-0314,T-7,1,0,0,168,0,synthetic reply
SYN-0314,T-2,1,0,0,48,0,synthetic reply
SYN-0314,T-1,1,0,0,20,0,synthetic reply
SYN-0315,T-7,0,0,2,171,0,synthetic reply
SYN-0315,T-2,0,0,2,52,0,synthetic reply
SYN-0315,T-1,0,0,3,28,1,synthetic reply
SYN-0316,T-7,1,0,3,166,0,synthetic reply
SYN-0316,T-2,1,0,3,47,1,synthetic reply
SYN-0316,T-1,1,0,2,25,0,synthetic reply
SYN-0317,T-7,0,0,1,168,0,synthetic reply
SYN-0317,T-2,0,0,1,44,0,synthetic reply
SYN-0317,T-1,1,0,1,21,0,synthetic reply
SYN-0318,T-7,1,0,1,168,0,synthetic reply
SYN-0318,T-2,1,0,1,51,1,synthetic reply
SYN-0318,T-1,1,0,1,20,0,synthetic reply
SYN-0319,T-7,0,1,1,164,0,synthetic reply
SYN-0319,T-2,1,1,1,46,0,synthetic reply
SYN-0319,T-1,1,1,1,28,0,synthetic reply
SYN-0320,T-7,0,0,0,167,0,synthetic reply
SYN-0320,T-2,1,0,0,47,1,synthetic reply
SYN-0320,T-1,1,0,0,20,0,synthetic reply
SYN-0321,T-7,1,1,3,171,0,synthetic reply
SYN-0321,T-2,1,1,2,52,0,synthetic reply
SYN-0321,T-1,1,1,2,22,1,synthetic reply
SYN-0322,T-7,0,1,0,167,0,synthetic reply
SYN-0322,T-2,0,1,0,48,1,synthetic reply
SYN-0322,T-1,0,1,0,27,1,synthetic reply
SYN-0323,T-7,1,0,0,172,0,synthetic reply
SYN-0323,T-2,1,0,0,49,0,synthetic reply
SYN-0323,T-1,1,0,0,25,0,synthetic reply
SYN-0324,T-7,0,1,2,168,1,synthetic reply
SYN-0324,T-2,0,1,1,49,1,synthetic reply
SYN-0324,T-1,0,1,1,22,1,synthetic reply
SYN-0325,T-7,0,0,3,170,0,synthetic reply
SYN-0325,T-2,0,0,2,50,1,synthetic reply
SYN-0325,T-1,0,0,2,21,0,synthetic reply
SYN-0326,T-7,1,1,2,164,0,synthetic reply
SYN-0326,T-2,1,1,2,47,0,synthetic reply
SYN-0326,T-1,1,1,3,20,1,synthetic reply
SYN-0327,T-7,0,1,1,166,1,synthetic reply
SYN-0327,T-2,0,1,1,44,1,synthetic reply
SYN-0327,T-1,0,1,1,26,1,synthetic reply
SYN-0328,T-7,0,0,3,166,0,synthetic reply
SYN-0328,T-2,0,1,3,45,0,synthetic reply
SYN-0328,T-1,0,1,2,23,1,synthetic reply
SYN-0329,T-7,0,1,2,168,1,synthetic reply
SYN-0329,T-2,0,1,2,46,1,synthetic reply
SYN-0329,T-1,0,1,2,28,1,synthetic reply
SYN-0330,T-7,1,1,1,164,1,synthetic reply
SYN-0330,T-2,1,1,0,45,0,synthetic reply
SYN-0330,T-1,1,1,0,20,0,synthetic reply
SYN-0331,T-7,1,0,2,168,0,synthetic reply
SYN-0331,T-2,1,1,3,50,1,synthetic reply
SYN-0331,T-1,1,1,2,26,0,synthetic reply
SYN-0332,T-7,0,0,0,171,0,synthetic reply
SYN-0332,T-2,0,1,0,49,0,synthetic reply
SYN-0332,T-1,0,1,0,21,1,synthetic reply
SYN-0333,T-7,1,0,0,170,0,synthetic reply
SYN-0333,T-2,1,0,0,48,0,synthetic reply
SYN-0333,T-1,1,0,0,21,0,synthetic reply
SYN-0334,T-7,0,0,2,167,0,synthetic reply
SYN-0334,T-2,0,0,1,47,1,synthetic reply
SYN-0334,T-1,0,0,1,23,1,synthetic reply
SYN-0335,T-7,0,1,0,170,0,synthetic reply
SYN-0335,T-2,0,1,0,46,1,synthetic reply
SYN-0335,T-1,0,1,0,20,1,synthetic reply
SYN-0336,T-7,1,1,1,172,0,synthetic reply
SYN-0336,T-2,1,1,1,45,0,synthetic reply
SYN-0336,T-1,1,1,2,27,0,synthetic reply
SYN-0337,T-7,0,0,1,168,0,synthetic reply
SYN-0337,T-2,0,1,1,45,1,synthetic reply
SYN-0337,T-1,0,1,1,25,1,synthetic reply
SYN-0338,T-7,1,0,2,164,0,synthetic reply
SYN-0338,T-2,1,0,2,48,0,synthetic reply
SYN-0338,T-1,1,0,2,25,0,synthetic reply
SYN-0339,T-7,1,0,1,172,0,synthetic reply
SYN-0339,T-2,1,0,1,50,0,synthetic reply
SYN-0339,T-1,1,0,1,25,0,synthetic reply
SYN-0340,T-7,0,0,2,168,0,synthetic reply
SYN-0340,T-2,0,0,2,49,0,synthetic reply
SYN-0340,T-1,1,0,3,28,1,synthetic reply
SYN-0341,T-7,0,0,0,171,0,synthetic reply
SYN-0341,T-2,0,0,0,46,0,synthetic reply
SYN-0341,T-1,1,0,0,24,0,synthetic reply
SYN-0342,T-7,1,0,0,168,0,synthetic reply
SYN-0342,T-2,1,0,0,52,0,synthetic reply
SYN-0342,T-1,1,0,1,23,0,synthetic reply
SYN-0343,T-7,1,0,3,168,1,synthetic reply
SYN-0343,T-2,1,0,2,44,1,synthetic reply
SYN-0343,T-1,1,0,2,26,0,synthetic reply
SYN-0344,T-7,1,0,2,166,1,synthetic reply
SYN-0344,T-2,1,0,2,51,0,synthetic reply
SYN-0344,T-1,1,0,2,20,1,synthetic reply
SYN-0345,T-7,1,0,1,165,1,synthetic reply
SYN-0345,T-2,1,0,1,49,0,synthetic reply
SYN-0345,T-1,1,0,2,26,0,synthetic reply
SYN-0346,T-7,0,0,2,171,0,synthetic reply
SYN-0346,T-2,1,0,2,48,0,synthetic reply
SYN-0346,T-1,1,1,2,25,1,synthetic reply
SYN-0347,T-7,0,0,2,172,0,synthetic reply
SYN-0347,T-2,0,0,2,48,1,synthetic reply
SYN-0347,T-1,0,0,2,26,0,synthetic reply
SYN-0348,T-7,1,0,2,167,0,synthetic reply
SYN-0348,T-2,1,0,3,51,0,synthetic reply
SYN-0348,T-1,1,0,2,20,1,synthetic reply
SYN-0349,T-7,0,0,1,172,0,synthetic reply
SYN-0349,T-2,1,0,0,46,0,synthetic reply
SYN-0349,T-1,1,0,0,28,1,synthetic reply
SYN-0350,T-7,0,0,2,168,1,synthetic reply
SYN-0350,T-2,0,1,2,52,1,synthetic reply
SYN-0350,T-1,0,1,1,21,1,synthetic reply
SYN-0351,T-7,0,0,1,171,1,synthetic reply
SYN-0351,T-2,0,0,0,49,1,synthetic reply
SYN-0351,T-1,0,0,0,24,1,synthetic reply
SYN-0352,T-7,1,0,2,165,0,synthetic reply
SYN-0352,T-2,1,0,1,45,0,synthetic reply
SYN-0352,T-1,1,0,1,21,0,synthetic reply
SYN-0353,T-7,0,0,1,170,1,synthetic reply
SYN-0353,T-2,0,0,1,45,0,synthetic reply
SYN-0353,T-1,0,0,1,24,0,synthetic reply
SYN-0354,T-7,0,1,1,172,1,synthetic reply
SYN-0354,T-2,0,1,0,52,0,synthetic reply
SYN-0354,T-1,0,1,0,27,1,synthetic reply
SYN-0355,T-7,0,1,1,165,1,synthetic reply
SYN-0355,T-2,0,1,1,44,1,synthetic reply
SYN-0355,T-1,0,1,1,26,1,synthetic reply
SYN-0356,T-7,1,0,0,168,0,synthetic reply
SYN-0356,T-2,1,0,0,52,0,synthetic reply
SYN-0356,T-1,1,0,0,25,0,synthetic reply
SYN-0357,T-7,0,0,2,165,0,synthetic reply
SYN-0357,T-2,0,0,3,48,1,synthetic reply
SYN-0357,T-1,0,0,2,21,1,synthetic reply
SYN-0358,T-7,0,0,2,168,1,synthetic reply
SYN-0358,T-2,0,0,2,44,1,synthetic reply
SYN-0358,T-1,0,0,2,23,1,synthetic reply
SYN-0359,T-7,0,0,0,170,0,synthetic reply
SYN-0359,T-2,0,0,0,49,0,synthetic reply
SYN-0359,T-1,0,1,0,25,1,synthetic reply
SYN-0360,T-7,0,0,0,166,0,synthetic reply
SYN-0360,T-2,0,0,1,50,0,synthetic reply
SYN-0360,T-1,1,0,1,23,1,synthetic reply
SYN-0361,T-7,0,0,0,171,0,synthetic reply
SYN-0361,T-2,0,0,1,49,0,synthetic reply
SYN-0361,T-1,0,0,0,27,0,synthetic reply
SYN-0362,T-7,0,1,1,170,0,synthetic reply
SYN-0362,T-2,0,1,1,46,1,synthetic reply
SYN-0362,T-1,1,1,1,26,1,synthetic reply
SYN-0363,T-7,1,0,2,165,1,synthetic reply
SYN-0363,T-2,1,0,2,47,0,synthetic reply
SYN-0363,T-1,1,0,2,26,0,synthetic reply
SYN-0364,T-7,0,0,2,172,0,synthetic reply
SYN-0364,T-2,0,0,3,46,0,synthetic reply
SYN-0364,T-1,1,0,2,25,0,synthetic reply
SYN-0365,T-7,1,0,2,167,0,synthetic reply
SYN-0365,T-2,1,0,3,44,0,synthetic reply
SYN-0365,T-1,1,0,2,23,0,synthetic reply
SYN-0366,T-7,1,0,0,166,0,synthetic reply
SYN-0366,T-2,1,0,0,51,0,synthetic reply
SYN-0366,T-1,1,0,0,27,1,synthetic reply
SYN-0367,T-7,1,1,2,171,0,synthetic reply
SYN-0367,T-2,1,1,3,47,0,synthetic reply
SYN-0367,T-1,1,1,2,28,0,synthetic reply
SYN-0368,T-7,0,0,1,167,0,synthetic reply
SYN-0368,T-2,0,0,2,52,0,synthetic reply
SYN-0368,T-1,0,0,1,27,1,synthetic reply
SYN-0369,T-7,0,0,1,164,1,synthetic reply
SYN-0369,T-2,0,0,0,45,0,synthetic reply
SYN-0369,T-1,1,0,0,20,0,synthetic reply
SYN-0370,T-7,0,0,1,168,0,synthetic reply
SYN-0370,T-2,0,0,1,50,1,synthetic reply
SYN-0370,T-1,0,0,2,28,1,synthetic reply
SYN-0371,T-7,1,0,2,170,0,synthetic reply
SYN-0371,T-2,1,0,2,50,0,synthetic reply
SYN-0371,T-1,1,0,2,24,0,synthetic reply
SYN-0372,T-7,1,1,2,167,0,synthetic reply
SYN-0372,T-2,1,1,2,51,1,synthetic reply
SYN-0372,T-1,1,1,3,26,1,synthetic reply
SYN-0373,T-7,0,0,1,169,0,synthetic reply
SYN-0373,T-2,0,0,2,48,1,synthetic reply
SYN-0373,T-1,0,0,1,23,1,synthetic reply
SYN-0374,T-7,0,1,0,166,0,synthetic reply
SYN-0374,T-2,1,1,0,44,1,synthetic reply
SYN-0374,T-1,1,1,0,23,0,synthetic reply
SYN-0375,T-7,0,0,1,169,0,synthetic reply
SYN-0375,T-2,0,0,1,51,1,synthetic reply
SYN-0375,T-1,0,0,1,26,0,synthetic reply
SYN-0376,T-7,1,0,2,169,0,synthetic reply
SYN-0376,T-2,1,0,2,50,0,synthetic reply
SYN-0376,T-1,1,0,2,24,1,synthetic reply
SYN-0377,T-7,0,1,2,169,1,synthetic reply
SYN-0377,T-2,0,1,2,49,0,synthetic reply
SYN-0377,T-1,0,1,2,22,1,synthetic reply
SYN-0378,T-7,0,1,2,167,0,synthetic reply
SYN-0378,T-2,1,1,2,50,0,synthetic reply
SYN-0378,T-1,1,1,2,22,1,synthetic reply
SYN-0379,T-7,0,1,2,170,0,synthetic reply
SYN-0379,T-2,0,1,2,51,1,synthetic reply
SYN-0379,T-1,1,1,2,28,0,synthetic reply
SYN-0380,T-7,0,1,1,171,0,synthetic reply
SYN-0380,T-2,0,1,1,46,1,synthetic reply
SYN-0380,T-1,1,1,1,20,1,synthetic reply
SYN-0381,T-7,1,0,2,169,0,synthetic reply
SYN-0381,T-2,1,0,2,47,0,synthetic reply
SYN-0381,T-1,1,1,3,24,0,synthetic reply
SYN-0382,T-7,1,0,0,171,1,synthetic reply
SYN-0382,T-2,1,0,0,48,0,synthetic reply
SYN-0382,T-1,1,0,0,25,0,synthetic reply
SYN-0383,T-7,1,0,1,164,0,synthetic reply
SYN-0383,T-2,1,0,0,44,1,synthetic reply
SYN-0383,T-1,1,0,0,21,0,synthetic reply
SYN-0384,T-7,1,1,2,169,0,synthetic reply
SYN-0384,T-2,1,1,2,49,1,synthetic reply
SYN-0384,T-1,1,1,2,25,1,synthetic reply
SYN-0385,T-7,1,0,3,167,0,synthetic reply
SYN-0385,T-2,1,0,2,44,1,synthetic reply
SYN-0385,T-1,1,0,2,28,1,synthetic reply
SYN-0386,T-7,1,0,0,165,0,synthetic reply
SYN-0386,T-2,1,0,0,50,0,synthetic reply
SYN-0386,T-1,1,0,1,21,0,synthetic reply
SYN-0387,T-7,0,1,0,165,0,synthetic reply
SYN-0387,T-2,0,1,0,48,0,synthetic reply
SYN-0387,T-1,0,1,0,24,0,synthetic reply
SYN-0388,T-7,1,1,1,171,1,synthetic reply
SYN-0388,T-2,1,1,1,45,0,synthetic reply
SYN-0388,T-1,1,1,1,20,1,synthetic reply
SYN-0389,T-7,0,0,1,164,0,synthetic reply
SYN-0389,T-2,0,0,1,52,0,synthetic reply
SYN-0389,T-1,0,0,2,24,0,synthetic reply
SYN-0390,T-7,0,1,1,167,1,synthetic reply
SYN-0390,T-2,0,1,1,47,0,synthetic reply
SYN-0390,T-1,0,1,1,27,0,synthetic reply
SYN-0391,T-7,0,0,0,172,0,synthetic reply
SYN-0391,T-2,0,0,1,46,1,synthetic reply
SYN-0391,T-1,0,0,0,26,0,synthetic reply
SYN-0392,T-7,0,0,1,171,0,synthetic reply
SYN-0392,T-2,0,0,0,49,1,synthetic reply
SYN-0392,T-1,1,1,0,20,1,synthetic reply
SYN-0393,T-7,0,0,2,166,0,synthetic reply
SYN-0393,T-2,0,0,1,48,1,synthetic reply
SYN-0393,T-1,0,0,1,24,1,synthetic reply
SYN-0394,T-7,0,0,1,165,0,synthetic reply
SYN-0394,T-2,0,1,2,48,1,synthetic reply
SYN-0394,T-1,0,1,1,21,0,synthetic reply
SYN-0395,T-7,1,0,0,166,0,synthetic reply
SYN-0395,T-2,1,0,0,45,0,synthetic reply
SYN-0395,T-1,1,0,0,28,0,synthetic reply
SYN-0396,T-7,0,1,1,166,1,synthetic reply
SYN-0396,T-2,0,1,1,50,1,synthetic reply
SYN-0396,T-1,0,1,1,23,1,synthetic reply
SYN-0397,T-7,0,1,0,169,1,synthetic reply
SYN-0397,T-2,0,1,0,50,0,synthetic reply
SYN-0397,T-1,0,1,0,24,1,synthetic reply
SYN-0398,T-7,1,0,0,172,0,synthetic reply
SYN-0398,T-2,1,0,0,52,0,synthetic reply
SYN-0398,T-1,1,0,0,28,0,synthetic reply
SYN-0399,T-7,0,0,1,164,1,synthetic reply
SYN-0399,T-2,0,0,0,48,0,synthetic reply
SYN-0399,T-1,0,0,0,27,0,synthetic reply
SYN-0400,T-7,0,1,0,165,0,synthetic reply
SYN-0400,T-2,0,1,0,46,0,synthetic reply
SYN-0400,T-1,0,1,1,28,1,synthetic reply
SYN-0401,T-7,0,0,0,172,0,synthetic reply
SYN-0401,T-2,1,0,0,48,1,synthetic reply
SYN-0401,T-1,1,0,1,27,0,synthetic reply
SYN-0402,T-7,1,0,2,170,0,synthetic reply
SYN-0402,T-2,1,0,2,52,0,synthetic reply
SYN-0402,T-1,1,0,2,28,1,synthetic reply
SYN-0403,T-7,1,0,2,172,0,synthetic reply
SYN-0403,T-2,1,0,2,51,1,synthetic reply
SYN-0403,T-1,1,0,2,28,0,synthetic reply
SYN-0404,T-7,1,0,1,167,0,synthetic reply
SYN-0404,T-2,1,0,1,44,0,synthetic reply
SYN-0404,T-1,1,0,1,26,0,synthetic reply
SYN-0405,T-7,0,0,1,170,0,synthetic reply
SYN-0405,T-2,0,0,1,46,1,synthetic reply
SYN-0405,T-1,1,0,1,22,0,synthetic reply
SYN-0406,T-7,1,0,1,169,0,synthetic reply
SYN-0406,T-2,1,0,1,48,0,synthetic reply
SYN-0406,T-1,1,1,0,21,1,synthetic reply
SYN-0407,T-7,1,0,2,168,1,synthetic reply
SYN-0407,T-2,1,0,2,47,0,synthetic reply
SYN-0407,T-1,1,0,2,24,1,synthetic reply
SYN-0408,T-7,1,0,1,166,0,synthetic reply
SYN-0408,T-2,1,0,1,50,0,synthetic reply
SYN-0408,T-1,1,0,1,23,0,synthetic reply
SYN-0409,T-7,0,0,2,169,0,synthetic reply
SYN-0409,T-2,0,0,2,48,0,synthetic reply
SYN-0409,T-1,0,0,2,24,1,synthetic reply
SYN-0410,T-7,0,1,1,170,0,synthetic reply
SYN-0410,T-2,1,1,1,47,0,synthetic reply
SYN-0410,T-1,1,1,2,28,1,synthetic reply
SYN-0411,T-7,0,0,1,166,0,synthetic reply
SYN-0411,T-2,0,1,1,47,0,synthetic reply
SYN-0411,T-1,0,1,0,23,1,synthetic reply
SYN-0412,T-7,1,0,0,169,0,synthetic reply
SYN-0412,T-2,1,0,0,50,0,synthetic reply
SYN-0412,T-1,1,0,1,25,0,synthetic reply
SYN-0413,T-7,1,0,1,165,0,synthetic reply
SYN-0413,T-2,1,0,1,44,0,synthetic reply
SYN-0413,T-1,1,1,1,25,0,synthetic reply
SYN-0414,T-7,0,1,0,165,0,synthetic reply
SYN-0414,T-2,0,1,0,49,1,synthetic reply
SYN-0414,T-1,0,1,0,25,1,synthetic reply
SYN-0415,T-7,0,0,1,172,0,synthetic reply
SYN-0415,T-2,0,0,2,48,1,synthetic reply
SYN-0415,T-1,0,0,1,28,1,synthetic reply
SYN-0416,T-7,0,0,1,171,0,synthetic reply
SYN-0416,T-2,0,0,2,50,1,synthetic reply
SYN-0416,T-1,0,0,2,23,1,synthetic reply
SYN-0417,T-7,0,0,2,164,0,synthetic reply
SYN-0417,T-2,0,0,2,51,1,synthetic reply
SYN-0417,T-1,0,0,3,22,1,synthetic reply
SYN-0418,T-7,1,0,3,171,0,synthetic reply
SYN-0418,T-2,1,0,2,52,0,synthetic reply
SYN-0418,T-1,1,0,2,25,0,synthetic reply
SYN-0419,T-7,1,1,1,164,0,synthetic reply
SYN-0419,T-2,1,1,1,48,0,synthetic reply
SYN-0419,T-1,1,1,2,27,1,synthetic reply
SYN-0420,T-7,1,1,2,169,1,synthetic reply
SYN-0420,T-2,1,1,1,49,0,synthetic reply
SYN-0420,T-1,1,1,1,24,1,synthetic reply
SYN-0421,T-7,0,0,2,165,0,synthetic reply
SYN-0421,T-2,1,0,2,50,0,synthetic reply
SYN-0421,T-1,1,0,2,23,1,synthetic reply
SYN-0422,T-7,1,0,2,168,0,synthetic reply
SYN-0422,T-2,1,0,2,46,1,synthetic reply
SYN-0422,T-1,1,0,2,26,0,synthetic reply
SYN-0423,T-7,1,0,2,170,0,synthetic reply
SYN-0423,T-2,1,0,2,51,0,synthetic reply
SYN-0423,T-1,1,0,3,28,1,synthetic reply
SYN-0424,T-7,1,0,0,169,0,synthetic reply
SYN-0424,T-2,1,0,0,52,0,synthetic reply
SYN-0424,T-1,1,0,0,20,0,synthetic reply
SYN-0425,T-7,0,0,1,167,0,synthetic reply
SYN-0425,T-2,0,0,1,50,1,synthetic reply
SYN-0425,T-1,0,0,1,21,1,synthetic reply
SYN-0426,T-7,0,0,1,171,0,synthetic reply
SYN-0426,T-2,0,0,1,44,0,synthetic reply
SYN-0426,T-1,0,0,1,25,0,synthetic reply
SYN-0427,T-7,0,0,2,166,0,synthetic reply
SYN-0427,T-2,0,0,2,52,1,synthetic reply
SYN-0427,T-1,0,0,3,24,0,synthetic reply
SYN-0428,T-7,0,1,3,170,1,synthetic reply
SYN-0428,T-2,0,1,3,44,1,synthetic reply
SYN-0428,T-1,0,1,2,27,1,synthetic reply
SYN-0429,T-7,0,0,2,169,1,synthetic reply
SYN-0429,T-2,0,0,2,52,1,synthetic reply
SYN-0429,T-1,0,0,2,20,1,synthetic reply
SYN-0430,T-7,0,0,1,171,1,synthetic reply
SYN-0430,T-2,0,0,2,44,0,synthetic reply
SYN-0430,T-1,0,0,2,20,1,synthetic reply
SYN-0431,T-7,1,0,0,167,0,synthetic reply
SYN-0431,T-2,1,0,0,46,0,synthetic reply
SYN-0431,T-1,1,0,1,21,1,synthetic reply
SYN-0432,T-7,0,0,2,172,1,synthetic reply
SYN-0432,T-2,0,0,3,51,1,synthetic reply
SYN-0432,T-1,1,0,2,25,1,synthetic reply
SYN-0433,T-7,0,0,2,164,0,synthetic reply
SYN-0433,T-2,0,0,2,52,1,synthetic reply
SYN-0433,T-1,0,1,3,28,1,synthetic reply
SYN-0434,T-7,0,0,2,164,0,synthetic reply
SYN-0434,T-2,0,0,2,44,1,synthetic reply
SYN-0434,T-1,1,0,3,21,1,synthetic reply
SYN-0435,T-7,0,1,0,167,1,synthetic reply
SYN-0435,T-2,0,1,0,49,0,synthetic reply
SYN-0435,T-1,0,1,0,26,1,synthetic reply
SYN-0436,T-7,0,0,2,168,0,synthetic reply
SYN-0436,T-2,0,0,2,46,1,synthetic reply
SYN-0436,T-1,0,0,2,22,1,synthetic reply
SYN-0437,T-7,0,0,2,171,0,synthetic reply
SYN-0437,T-2,0,0,2,50,0,synthetic reply
SYN-0437,T-1,0,0,2,27,0,synthetic reply
SYN-0438,T-7,1,0,1,166,0,synthetic reply
SYN-0438,T-2,1,0,1,50,0,synthetic reply
SYN-0438,T-1,1,0,1,20,0,synthetic reply
SYN-0439,T-7,1,0,0,170,0,synthetic reply
SYN-0439,T-2,1,0,0,44,0,synthetic reply
SYN-0439,T-1,1,0,1,21,0,synthetic reply
SYN-0440,T-7,0,0,0,164,0,synthetic reply
SYN-0440,T-2,1,0,0,50,1,synthetic reply
SYN-0440,T-1,1,0,0,20,0,synthetic reply
SYN-0441,T-7,0,0,0,171,0,synthetic reply
SYN-0441,T-2,0,0,0,47,0,synthetic reply
SYN-0441,T-1,0,0,0,20,1,synthetic reply
SYN-0442,T-7,1,0,2,169,0,synthetic reply
SYN-0442,T-2,1,0,2,49,0,synthetic reply
SYN-0442,T-1,1,0,2,27,1,synthetic reply
SYN-0443,T-7,0,0,2,166,1,synthetic reply
SYN-0443,T-2,0,0,2,46,0,synthetic reply
SYN-0443,T-1,0,0,2,26,1,synthetic reply
SYN-0444,T-7,0,0,1,164,1,synthetic reply
SYN-0444,T-2,0,0,2,47,0,synthetic reply
SYN-0444,T-1,0,1,2,21,1,synthetic reply
SYN-0445,T-7,0,0,1,171,0,synthetic reply
SYN-0445,T-2,0,0,2,49,0,synthetic reply
SYN-0445,T-1,0,0,1,27,0,synthetic reply
SYN-0446,T-7,0,1,2,164,1,synthetic reply
SYN-0446,T-2,0,1,2,50,0,synthetic reply
SYN-0446,T-1,0,1,3,27,1,synthetic reply
SYN-0447,T-7,0,0,2,169,0,synthetic reply
SYN-0447,T-2,0,0,2,47,0,synthetic reply
SYN-0447,T-1,0,1,2,26,1,synthetic reply
SYN-0448,T-7,1,0,2,172,1,synthetic reply
SYN-0448,T-2,1,0,2,47,0,synthetic reply
SYN-0448,T-1,1,0,2,22,0,synthetic reply
SYN-0449,T-7,1,1,0,166,0,synthetic reply
SYN-0449,T-2,1,1,0,47,1,synthetic reply
SYN-0449,T-1,1,1,0,24,0,synthetic reply
SYN-0450,T-7,0,0,1,164,0,synthetic reply
SYN-0450,T-2,1,0,1,51,1,synthetic reply
SYN-0450,T-1,1,0,1,27,0,synthetic reply
SYN-0451,T-7,0,1,2,166,0,synthetic reply
SYN-0451,T-2,0,1,1,44,1,synthetic reply
SYN-0451,T-1,0,1,1,27,1,synthetic reply
SYN-0452,T-7,1,1,1,171,0,synthetic reply
SYN-0452,T-2,1,1,1,49,0,synthetic reply
SYN-0452,T-1,1,1,1,28,0,synthetic reply
SYN-0453,T-7,1,0,1,164,0,synthetic reply
SYN-0453,T-2,1,0,1,51,0,synthetic reply
SYN-0453,T-1,1,0,1,25,1,synthetic reply
SYN-0454,T-7,1,0,1,165,0,synthetic reply
SYN-0454,T-2,1,0,1,47,1,synthetic reply
SYN-0454,T-1,1,0,2,21,1,synthetic reply
SYN-0455,T-7,1,0,2,167,0,synthetic reply
SYN-0455,T-2,1,0,2,48,0,synthetic reply
SYN-0455,T-1,1,0,2,25,1,synthetic reply
SYN-0456,T-7,0,1,0,169,1,synthetic reply
SYN-0456,T-2,0,1,0,48,0,synthetic reply
SYN-0456,T-1,0,1,1,27,1,synthetic reply
SYN-0457,T-7,0,0,1,168,0,synthetic reply
SYN-0457,T-2,0,0,2,52,1,synthetic reply
SYN-0457,T-1,0,0,2,24,1,synthetic reply
SYN-0458,T-7,0,0,1,167,1,synthetic reply
SYN-0458,T-2,0,0,1,52,1,synthetic reply
SYN-0458,T-1,0,0,1,21,0,synthetic reply
SYN-0459,T-7,1,0,1,166,0,synthetic reply
SYN-0459,T-2,1,0,0,48,0,synthetic reply
SYN-0459,T-1,1,0,0,27,0,synthetic reply
SYN-0460,T-7,1,0,2,165,0,synthetic reply
SYN-0460,T-2,1,0,2,47,0,synthetic reply
SYN-0460,T-1,1,0,2,21,1,synthetic reply
SYN-0461,T-7,0,0,3,165,1,synthetic reply
SYN-0461,T-2,0,0,3,46,0,synthetic reply
SYN-0461,T-1,0,0,3,20,1,synthetic reply
SYN-0462,T-7,1,0,2,168,1,synthetic reply
SYN-0462,T-2,1,0,2,51,0,synthetic reply
SYN-0462,T-1,1,0,2,22,0,synthetic reply
SYN-0463,T-7,1,0,1,169,0,synthetic reply
SYN-0463,T-2,1,0,2,48,1,synthetic reply
SYN-0463,T-1,1,0,1,21,0,synthetic reply
SYN-0464,T-7,0,0,2,170,1,synthetic reply
SYN-0464,T-2,0,0,2,47,1,synthetic reply
SYN-0464,T-1,0,0,3,23,1,synthetic reply
SYN-0465,T-7,0,0,1,172,0,synthetic reply
SYN-0465,T-2,0,1,1,46,1,synthetic reply
SYN-0465,T-1,0,1,1,28,1,synthetic reply
SYN-0466,T-7,1,0,0,168,1,synthetic reply
SYN-0466,T-2,1,0,0,49,1,synthetic reply
SYN-0466,T-1,1,0,1,28,0,synthetic reply
SYN-0467,T-7,0,1,0,165,0,synthetic reply
SYN-0467,T-2,1,1,0,47,0,synthetic reply
SYN-0467,T-1,1,1,0,20,0,synthetic reply
SYN-0468,T-7,1,0,1,164,0,synthetic reply
SYN-0468,T-2,1,0,1,44,1,synthetic reply
SYN-0468,T-1,1,1,1,25,0,synthetic reply
SYN-0469,T-7,0,1,3,168,1,synthetic reply
SYN-0469,T-2,0,1,2,45,1,synthetic reply
SYN-0469,T-1,0,1,2,23,1,synthetic reply
SYN-0470,T-7,1,1,3,165,0,synthetic reply
SYN-0470,T-2,1,1,2,49,1,synthetic reply
SYN-0470,T-1,1,1,2,27,1,synthetic reply
SYN-0471,T-7,0,1,0,168,0,synthetic reply
SYN-0471,T-2,0,1,0,50,1,synthetic reply
SYN-0471,T-1,1,1,1,28,0,synthetic reply
SYN-0472,T-7,0,1,2,171,1,synthetic reply
SYN-0472,T-2,1,1,2,52,0,synthetic reply
SYN-0472,T-1,1,1,2,20,1,synthetic reply
SYN-0473,T-7,0,0,2,172,0,synthetic reply
SYN-0473,T-2,0,0,2,44,0,synthetic reply
SYN-0473,T-1,0,0,2,23,1,synthetic reply
SYN-0474,T-7,0,1,1,168,0,synthetic reply
SYN-0474,T-2,0,1,0,44,0,synthetic reply
SYN-0474,T-1,0,1,0,20,1,synthetic reply
SYN-0475,T-7,0,0,2,167,0,synthetic reply
SYN-0475,T-2,0,0,2,50,0,synthetic reply
SYN-0475,T-1,0,1,2,27,1,synthetic reply
SYN-0476,T-7,0,0,1,169,0,synthetic reply
SYN-0476,T-2,0,0,1,49,0,synthetic reply
SYN-0476,T-1,0,0,1,24,0,synthetic reply
SYN-0477,T-7,1,0,1,170,0,synthetic reply
SYN-0477,T-2,1,0,1,51,1,synthetic reply
SYN-0477,T-1,1,0,1,25,0,synthetic reply
SYN-0478,T-7,0,0,2,168,0,synthetic reply
SYN-0478,T-2,1,0,2,44,0,synthetic reply
SYN-0478,T-1,1,0,2,26,0,synthetic reply
SYN-0479,T-7,1,0,2,167,0,synthetic reply
SYN-0479,T-2,1,0,2,45,0,synthetic reply
SYN-0479,T-1,1,0,2,24,0,synthetic reply
SYN-0480,T-7,0,0,0,169,0,synthetic reply
SYN-0480,T-2,0,0,0,51,1,synthetic reply
SYN-0480,T-1,0,0,0,28,0,synthetic reply
SYN-0481,T-7,0,0,2,169,0,synthetic reply
SYN-0481,T-2,0,0,2,44,1,synthetic reply
SYN-0481,T-1,0,0,2,21,1,synthetic reply
SYN-0482,T-7,1,0,0,165,0,synthetic reply
SYN-0482,T-2,1,0,0,44,0,synthetic reply
SYN-0482,T-1,1,0,0,24,0,synthetic reply
SYN-0483,T-7,1,0,0,170,0,synthetic reply
SYN-0483,T-2,1,0,0,50,0,synthetic reply
SYN-0483,T-1,1,0,1,28,0,synthetic reply
SYN-0484,T-7,0,0,3,167,1,synthetic reply
SYN-0484,T-2,0,0,2,52,1,synthetic reply
SYN-0484,T-1,0,0,2,20,0,synthetic reply
SYN-0485,T-7,0,1,0,171,0,synthetic reply
SYN-0485,T-2,0,1,0,51,0,synthetic reply
SYN-0485,T-1,0,1,0,25,1,synthetic reply
SYN-0486,T-7,1,0,0,166,0,synthetic reply
SYN-0486,T-2,1,0,0,48,0,synthetic reply
SYN-0486,T-1,1,0,0,25,0,synthetic reply
SYN-0487,T-7,0,1,1,167,0,synthetic reply
SYN-0487,T-2,0,1,1,47,1,synthetic reply
SYN-0487,T-1,1,1,1,22,0,synthetic reply
SYN-0488,T-7,0,1,0,166,1,synthetic reply
SYN-0488,T-2,1,1,0,46,1,synthetic reply
SYN-0488,T-1,1,1,0,26,0,synthetic reply
SYN-0489,T-7,0,0,0,164,1,synthetic reply
SYN-0489,T-2,0,0,0,45,1,synthetic reply
SYN-0489,T-1,0,1,1,25,0,synthetic reply
SYN-0490,T-7,0,0,2,168,1,synthetic reply
SYN-0490,T-2,1,0,2,45,0,synthetic reply
SYN-0490,T-1,1,0,2,26,0,synthetic reply
SYN-0491,T-7,1,0,0,170,0,synthetic reply
SYN-0491,T-2,1,0,1,44,0,synthetic reply
SYN-0491,T-1,1,0,0,23,0,synthetic reply
SYN-0492,T-7,0,0,2,166,0,synthetic reply
SYN-0492,T-2,0,0,2,47,1,synthetic reply
SYN-0492,T-1,0,0,2,26,1,synthetic reply
SYN-0493,T-7,0,0,1,169,0,synthetic reply
SYN-0493,T-2,0,0,1,51,1,synthetic reply
SYN-0493,T-1,0,1,1,23,1,synthetic reply
SYN-0494,T-7,1,1,1,164,1,synthetic reply
SYN-0494,T-2,1,1,1,45,0,synthetic reply
SYN-0494,T-1,1,1,2,28,1,synthetic reply
SYN-0495,T-7,0,0,2,172,0,synthetic reply
SYN-0495,T-2,0,0,3,44,1,synthetic reply
SYN-0495,T-1,0,0,2,24,1,synthetic reply
SYN-0496,T-7,0,0,3,164,1,synthetic reply
SYN-0496,T-2,0,1,2,45,1,synthetic reply
SYN-0496,T-1,0,1,2,21,1,synthetic reply
SYN-0497,T-7,1,0,1,169,0,synthetic reply
SYN-0497,T-2,1,0,0,47,0,synthetic reply
SYN-0497,T-1,1,1,0,20,1,synthetic reply
SYN-0498,T-7,0,0,2,165,1,synthetic reply
SYN-0498,T-2,0,0,1,48,1,synthetic reply
SYN-0498,T-1,0,0,1,24,1,synthetic reply
SYN-0499,T-7,0,1,1,168,1,synthetic reply
SYN-0499,T-2,0,1,1,47,1,synthetic reply
SYN-0499,T-1,0,1,1,26,1,synthetic reply
SYN-0500,T-7,0,0,2,172,0,synthetic reply
SYN-0500,T-2,0,0,2,50,0,synthetic reply
SYN-0500,T-1,0,0,2,24,1,synthetic reply
SYN-0501,T-7,0,1,0,166,0,synthetic reply
SYN-0501,T-2,0,1,1,46,1,synthetic reply
SYN-0501,T-1,0,1,1,24,0,synthetic reply
SYN-0502,T-7,1,1,0,169,0,synthetic reply
SYN-0502,T-2,1,1,0,51,0,synthetic reply
SYN-0502,T-1,1,1,1,22,1,synthetic reply
SYN-0503,T-7,1,0,3,165,0,synthetic reply
SYN-0503,T-2,1,0,2,48,0,synthetic reply
SYN-0503,T-1,1,0,2,22,0,synthetic reply
SYN-0504,T-7,0,0,2,170,0,synthetic reply
SYN-0504,T-2,0,0,2,51,1,synthetic reply
SYN-0504,T-1,0,0,2,26,1,synthetic reply
SYN-0505,T-7,1,1,2,168,1,synthetic reply
SYN-0505,T-2,1,1,1,51,0,synthetic reply
SYN-0505,T-1,1,1,1,24,1,synthetic reply
SYN-0506,T-7,0,1,0,165,0,synthetic reply
SYN-0506,T-2,0,1,0,50,1,synthetic reply
SYN-0506,T-1,1,1,0,26,0,synthetic reply
SYN-0507,T-7,0,1,1,169,1,synthetic reply
SYN-0507,T-2,0,1,1,44,1,synthetic reply
SYN-0507,T-1,0,1,1,22,0,synthetic reply
SYN-0508,T-7,1,1,2,166,1,synthetic reply
SYN-0508,T-2,1,1,3,52,0,synthetic reply
SYN-0508,T-1,1,1,2,28,1,synthetic reply
SYN-0509,T-7,0,0,2,167,1,synthetic reply
SYN-0509,T-2,0,0,2,50,0,synthetic reply
SYN-0509,T-1,1,0,2,25,0,synthetic reply
SYN-0510,T-7,1,0,2,170,0,synthetic reply
SYN-0510,T-2,1,0,2,45,1,synthetic reply
SYN-0510,T-1,1,0,2,22,1,synthetic reply
SYN-0511,T-7,0,1,0,170,1,synthetic reply
SYN-0511,T-2,0,1,0,46,1,synthetic reply
SYN-0511,T-1,0,1,0,27,0,synthetic reply
SYN-0512,T-7,1,1,2,167,0,synthetic reply
SYN-0512,T-2,1,1,2,47,1,synthetic reply
SYN-0512,T-1,1,1,2,22,1,synthetic reply
SYN-0513,T-7,1,0,0,169,0,synthetic reply
SYN-0513,T-2,1,0,0,52,0,synthetic reply
SYN-0513,T-1,1,0,0,23,0,synthetic reply
SYN-0514,T-7,1,1,2,172,0,synthetic reply
SYN-0514,T-2,1,1,3,50,0,synthetic reply
SYN-0514,T-1,1,1,2,24,0,synthetic reply
SYN-0515,T-7,0,0,2,164,0,synthetic reply
SYN-0515,T-2,0,0,2,47,1,synthetic reply
SYN-0515,T-1,0,0,2,28,0,synthetic reply
SYN-0516,T-7,0,0,1,170,1,synthetic reply
SYN-0516,T-2,0,0,1,47,1,synthetic reply
SYN-0516,T-1,0,0,1,26,0,synthetic reply
SYN-0517,T-7,0,0,0,170,0,synthetic reply
SYN-0517,T-2,0,0,1,44,1,synthetic reply
SYN-0517,T-1,0,0,1,27,0,synthetic reply
SYN-0518,T-7,0,0,0,165,0,synthetic reply
SYN-0518,T-2,0,0,1,50,0,synthetic reply
SYN-0518,T-1,0,0,0,22,0,synthetic reply
SYN-0519,T-7,0,0,1,166,0,synthetic reply
SYN-0519,T-2,0,0,1,49,0,synthetic reply
SYN-0519,T-1,0,0,1,26,0,synthetic reply
SYN-0520,T-7,1,1,0,166,0,synthetic reply
SYN-0520,T-2,1,1,0,48,0,synthetic reply
SYN-0520,T-1,1,1,0,22,0,synthetic reply
SYN-0521,T-7,1,1,1,170,0,synthetic reply
SYN-0521,T-2,1,1,1,52,0,synthetic reply
SYN-0521,T-1,1,1,1,27,0,synthetic reply
SYN-0522,T-7,0,0,2,164,0,synthetic reply
SYN-0522,T-2,0,0,2,51,0,synthetic reply
SYN-0522,T-1,1,0,2,20,1,synthetic reply
SYN-0523,T-7,0,1,1,172,0,synthetic reply
SYN-0523,T-2,0,1,0,47,1,synthetic reply
SYN-0523,T-1,0,1,0,28,0,synthetic reply
SYN-0524,T-7,0,0,0,169,0,synthetic reply
SYN-0524,T-2,0,0,0,44,0,synthetic reply
SYN-0524,T-1,0,1,0,21,1,synthetic reply
SYN-0525,T-7,1,1,2,172,0,synthetic reply
SYN-0525,T-2,1,1,1,46,1,synthetic reply
SYN-0525,T-1,1,1,1,26,1,synthetic reply
SYN-0526,T-7,1,0,0,167,0,synthetic reply
SYN-0526,T-2,1,0,0,46,1,synthetic reply
SYN-0526,T-1,1,0,0,25,0,synthetic reply
SYN-0527,T-7,0,0,3,165,1,synthetic reply
SYN-0527,T-2,1,0,3,46,0,synthetic reply
SYN-0527,T-1,1,0,3,20,1,synthetic reply
SYN-0528,T-7,0,0,2,164,0,synthetic reply
SYN-0528,T-2,0,1,2,47,0,synthetic reply
SYN-0528,T-1,0,1,3,23,1,synthetic reply
SYN-0529,T-7,1,0,1,168,0,synthetic reply
SYN-0529,T-2,1,0,1,50,0,synthetic reply
SYN-0529,T-1,1,0,1,24,0,synthetic reply
SYN-0530,T-7,1,0,0,169,0,synthetic reply
SYN-0530,T-2,1,0,0,47,1,synthetic reply
SYN-0530,T-1,1,0,0,26,0,synthetic reply
SYN-0531,T-7,0,1,1,164,0,synthetic reply
SYN-0531,T-2,0,1,1,44,1,synthetic reply
SYN-0531,T-1,0,1,2,23,1,synthetic reply
SYN-0532,T-7,0,0,0,171,0,synthetic reply
SYN-0532,T-2,1,0,0,47,0,synthetic reply
SYN-0532,T-1,1,0,0,23,0,synthetic reply
SYN-0533,T-7,0,1,1,165,1,synthetic reply
SYN-0533,T-2,0,1,1,51,1,synthetic reply
SYN-0533,T-1,0,1,1,20,1,synthetic reply
SYN-0534,T-7,0,0,0,164,0,synthetic reply
SYN-0534,T-2,1,0,0,48,0,synthetic reply
SYN-0534,T-1,1,0,0,28,0,synthetic reply
SYN-0535,T-7,0,0,0,169,0,synthetic reply
SYN-0535,T-2,0,0,0,51,0,synthetic reply
SYN-0535,T-1,0,0,1,21,0,synthetic reply
SYN-0536,T-7,0,0,1,165,0,synthetic reply
SYN-0536,T-2,0,0,0,45,1,synthetic reply
SYN-0536,T-1,0,0,1,27,0,synthetic reply
SYN-0537,T-7,0,1,0,166,0,synthetic reply
SYN-0537,T-2,1,1,1,49,0,synthetic reply
SYN-0537,T-1,1,1,0,24,0,synthetic reply
SYN-0538,T-7,1,0,0,166,0,synthetic reply
SYN-0538,T-2,1,0,0,52,0,synthetic reply
SYN-0538,T-1,1,0,0,22,0,synthetic reply
SYN-0539,T-7,1,0,2,166,0,synthetic reply
SYN-0539,T-2,1,0,2,47,0,synthetic reply
SYN-0539,T-1,1,0,2,28,0,synthetic reply
SYN-0540,T-7,0,0,2,168,0,synthetic reply
SYN-0540,T-2,0,1,2,51,1,synthetic reply
SYN-0540,T-1,0,1,3,22,0,synthetic reply
SYN-0541,T-7,0,0,0,164,0,synthetic reply
SYN-0541,T-2,0,0,0,46,0,synthetic reply
SYN-0541,T-1,0,0,0,24,0,synthetic reply
SYN-0542,T-7,0,0,2,168,1,synthetic reply
SYN-0542,T-2,0,0,2,46,0,synthetic reply
SYN-0542,T-1,0,0,3,22,1,synthetic reply
SYN-0543,T-7,0,0,1,168,0,synthetic reply
SYN-0543,T-2,0,0,1,46,0,synthetic reply
SYN-0543,T-1,0,0,0,26,0,synthetic reply
SYN-0544,T-7,0,1,0,170,0,synthetic reply
SYN-0544,T-2,0,1,0,49,0,synthetic reply
SYN-0544,T-1,0,1,0,24,0,synthetic reply
SYN-0545,T-7,1,1,0,170,0,synthetic reply
SYN-0545,T-2,1,1,0,47,0,synthetic reply
SYN-0545,T-1,1,1,0,27,1,synthetic reply
SYN-0546,T-7,1,0,1,172,0,synthetic reply
SYN-0546,T-2,1,0,2,44,0,synthetic reply
SYN-0546,T-1,1,0,2,27,0,synthetic reply
SYN-0547,T-7,1,1,3,168,0,synthetic reply
SYN-0547,T-2,1,1,2,51,1,synthetic reply
SYN-0547,T-1,1,1,3,20,0,synthetic reply
SYN-0548,T-7,0,0,3,172,0,synthetic reply
SYN-0548,T-2,1,0,2,46,0,synthetic reply
SYN-0548,T-1,1,0,2,23,0,synthetic reply
SYN-0549,T-7,0,1,2,165,0,synthetic reply
SYN-0549,T-2,0,1,2,44,1,synthetic reply
SYN-0549,T-1,0,1,2,21,1,synthetic reply
SYN-0550,T-7,0,1,0,168,1,synthetic reply
SYN-0550,T-2,0,1,1,45,0,synthetic reply
SYN-0550,T-1,0,1,0,26,1,synthetic reply
SYN-0551,T-7,0,0,2,171,1,synthetic reply
SYN-0551,T-2,0,1,2,49,1,synthetic reply
SYN-0551,T-1,0,1,2,20,1,synthetic reply
SYN-0552,T-7,0,0,1,166,0,synthetic reply
SYN-0552,T-2,0,0,1,46,0,synthetic reply
SYN-0552,T-1,0,0,1,25,1,synthetic reply
SYN-0553,T-7,0,1,2,164,1,synthetic reply
SYN-0553,T-2,0,1,2,46,1,synthetic reply
SYN-0553,T-1,0,1,2,25,0,synthetic reply
SYN-0554,T-7,0,0,0,165,0,synthetic reply
SYN-0554,T-2,0,0,1,47,1,synthetic reply
SYN-0554,T-1,0,0,0,27,0,synthetic reply
SYN-0555,T-7,1,0,3,170,1,synthetic reply
SYN-0555,T-2,1,0,3,45,1,synthetic reply
SYN-0555,T-1,1,0,2,23,1,synthetic reply
SYN-0556,T-7,0,0,0,166,0,synthetic reply
SYN-0556,T-2,0,0,0,51,1,synthetic reply
SYN-0556,T-1,0,1,0,24,1,synthetic reply
SYN-0557,T-7,1,0,0,164,1,synthetic reply
SYN-0557,T-2,1,0,0,51,0,synthetic reply
SYN-0557,T-1,1,0,0,20,1,synthetic reply
SYN-0558,T-7,0,0,2,172,1,synthetic reply
SYN-0558,T-2,0,0,2,52,1,synthetic reply
SYN-0558,T-1,0,0,2,24,0,synthetic reply
SYN-0559,T-7,1,0,0,170,0,synthetic reply
SYN-0559,T-2,1,0,0,47,0,synthetic reply
SYN-0559,T-1,1,0,0,27,1,synthetic reply
SYN-0560,T-7,0,0,0,166,0,synthetic reply
SYN-0560,T-2,0,0,0,46,0,synthetic reply
SYN-0560,T-1,0,0,0,27,0,synthetic reply
SYN-0561,T-7,0,0,2,164,0,synthetic reply
SYN-0561,T-2,0,0,1,46,1,synthetic reply
SYN-0561,T-1,0,0,1,28,1,synthetic reply
SYN-0562,T-7,0,0,0,170,0,synthetic reply
SYN-0562,T-2,0,0,0,48,1,synthetic reply
SYN-0562,T-1,0,0,1,27,1,synthetic reply
SYN-0563,T-7,0,0,1,171,0,synthetic reply
SYN-0563,T-2,0,0,1,49,0,synthetic reply
SYN-0563,T-1,0,0,1,25,0,synthetic reply
SYN-0564,T-7,0,0,2,164,1,synthetic reply
SYN-0564,T-2,0,0,2,49,1,synthetic reply
SYN-0564,T-1,0,0,1,26,1,synthetic reply
SYN-0565,T-7,1,1,1,170,0,synthetic reply
SYN-0565,T-2,1,1,0,51,1,synthetic reply
SYN-0565,T-1,1,1,0,25,0,synthetic reply
SYN-0566,T-7,1,1,1,167,1,synthetic reply
SYN-0566,T-2,1,1,1,52,0,synthetic reply
SYN-0566,T-1,1,1,1,25,0,synthetic reply
SYN-0567,T-7,0,0,0,171,0,synthetic reply
SYN-0567,T-2,0,0,0,48,0,synthetic reply
SYN-0567,T-1,0,0,0,21,1,synthetic reply
SYN-0568,T-7,0,0,0,164,0,synthetic reply
SYN-0568,T-2,0,1,0,45,0,synthetic reply
SYN-0568,T-1,0,1,0,20,1,synthetic reply
SYN-0569,T-7,1,0,0,170,0,synthetic reply
SYN-0569,T-2,1,0,0,47,0,synthetic reply
SYN-0569,T-1,1,0,0,21,0,synthetic reply
SYN-0570,T-7,0,1,1,171,0,synthetic reply
SYN-0570,T-2,0,1,1,51,0,synthetic reply
SYN-0570,T-1,0,1,1,23,0,synthetic reply
SYN-0571,T-7,1,0,3,164,0,synthetic reply
SYN-0571,T-2,1,0,3,50,1,synthetic reply
SYN-0571,T-1,1,0,2,22,0,synthetic reply
SYN-0572,T-7,1,1,1,172,0,synthetic reply
SYN-0572,T-2,1,1,1,47,0,synthetic reply
SYN-0572,T-1,1,1,2,26,1,synthetic reply
SYN-0573,T-7,1,0,0,166,0,synthetic reply
SYN-0573,T-2,1,0,0,52,0,synthetic reply
SYN-0573,T-1,1,0,0,22,1,synthetic reply
SYN-0574,T-7,1,1,1,172,1,synthetic reply
SYN-0574,T-2,1,1,1,44,0,synthetic reply
SYN-0574,T-1,1,1,1,22,0,synthetic reply
SYN-0575,T-7,0,0,1,170,0,synthetic reply
SYN-0575,T-2,0,0,1,49,1,synthetic reply
SYN-0575,T-1,0,0,0,22,0,synthetic reply
SYN-0576,T-7,0,0,2,167,0,synthetic reply
SYN-0576,T-2,0,0,3,47,0,synthetic reply
SYN-0576,T-1,0,0,2,28,0,synthetic reply
SYN-0577,T-7,0,0,0,166,0,synthetic reply
SYN-0577,T-2,0,0,0,49,0,synthetic reply
SYN-0577,T-1,0,0,1,20,0,synthetic reply
SYN-0578,T-7,1,0,2,170,0,synthetic reply
SYN-0578,T-2,1,0,2,49,0,synthetic reply
SYN-0578,T-1,1,0,2,28,0,synthetic reply
SYN-0579,T-7,0,0,1,171,0,synthetic reply
SYN-0579,T-2,0,0,1,45,0,synthetic reply
SYN-0579,T-1,0,0,1,28,1,synthetic reply
SYN-0580,T-7,0,0,0,168,0,synthetic reply
SYN-0580,T-2,1,0,0,47,0,synthetic reply
SYN-0580,T-1,1,0,0,22,0,synthetic reply
SYN-0581,T-7,0,0,0,169,0,synthetic reply
SYN-0581,T-2,0,0,0,52,1,synthetic reply
SYN-0581,T-1,0,1,0,21,1,synthetic reply
SYN-0582,T-7,0,0,0,169,0,synthetic reply
SYN-0582,T-2,1,0,0,48,0,synthetic reply
SYN-0582,T-1,1,0,0,25,0,synthetic reply
SYN-0583,T-7,0,0,1,171,1,synthetic reply
SYN-0583,T-2,1,0,1,52,1,synthetic reply
SYN-0583,T-1,1,0,1,26,0,synthetic reply
SYN-0584,T-7,0,1,1,170,1,synthetic reply
SYN-0584,T-2,1,1,1,44,1,synthetic reply
SYN-0584,T-1,1,1,1,23,1,synthetic reply
SYN-0585,T-7,1,1,0,167,0,synthetic reply
SYN-0585,T-2,1,1,0,48,0,synthetic reply
SYN-0585,T-1,1,1,0,20,0,synthetic reply
SYN-0586,T-7,1,1,1,171,0,synthetic reply
SYN-0586,T-2,1,1,1,52,0,synthetic reply
SYN-0586,T-1,1,1,1,21,1,synthetic reply
SYN-0587,T-7,0,0,1,165,0,synthetic reply
SYN-0587,T-2,0,0,1,51,1,synthetic reply
SYN-0587,T-1,0,0,0,24,1,synthetic reply
SYN-0588,T-7,0,1,0,169,0,synthetic reply
SYN-0588,T-2,0,1,1,49,0,synthetic reply
SYN-0588,T-1,0,1,0,21,1,synthetic reply
SYN-0589,T-7,1,0,1,165,0,synthetic reply
SYN-0589,T-2,1,0,0,48,1,synthetic reply
SYN-0589,T-1,1,0,1,25,1,synthetic reply
SYN-0590,T-7,0,0,1,165,0,synthetic reply
SYN-0590,T-2,1,0,1,44,0,synthetic reply
SYN-0590,T-1,1,0,1,24,0,synthetic reply
SYN-0591,T-7,0,0,2,171,0,synthetic reply
SYN-0591,T-2,0,0,2,50,1,synthetic reply
SYN-0591,T-1,0,0,3,21,0,synthetic reply
SYN-0592,T-7,0,1,2,172,1,synthetic reply
SYN-0592,T-2,0,1,2,46,0,synthetic reply
SYN-0592,T-1,0,1,2,24,1,synthetic reply
SYN-0593,T-7,0,0,2,166,0,synthetic reply
SYN-0593,T-2,0,0,2,47,0,synthetic reply
SYN-0593,T-1,0,0,2,24,1,synthetic reply
SYN-0594,T-7,1,0,0,166,1,synthetic reply
SYN-0594,T-2,1,0,1,50,0,synthetic reply
SYN-0594,T-1,1,0,0,24,0,synthetic reply
SYN-0595,T-7,1,0,1,171,0,synthetic reply
SYN-0595,T-2,1,0,1,45,0,synthetic reply
SYN-0595,T-1,1,0,0,23,0,synthetic reply
SYN-0596,T-7,0,0,3,170,0,synthetic reply
SYN-0596,T-2,0,0,3,51,1,synthetic reply
SYN-0596,T-1,1,0,2,25,0,synthetic reply
SYN-0597,T-7,0,0,0,172,1,synthetic reply
SYN-0597,T-2,0,0,0,47,0,synthetic reply
SYN-0597,T-1,0,0,0,26,0,synthetic reply
SYN-0598,T-7,1,0,3,165,0,synthetic reply
SYN-0598,T-2,1,0,2,52,0,synthetic reply
SYN-0598,T-1,1,0,2,25,0,synthetic reply
SYN-0599,T-7,0,0,0,170,1,synthetic reply
SYN-0599,T-2,0,0,0,44,1,synthetic reply
SYN-0599,T-1,0,1,0,27,0,synthetic reply
SYN-0600,T-7,1,0,3,170,0,synthetic reply
SYN-0600,T-2,1,0,2,51,0,synthetic reply
SYN-0600,T-1,1,0,2,27,0,synthetic reply
SYN-0601,T-7,0,0,1,168,1,synthetic reply
SYN-0601,T-2,0,0,1,51,0,synthetic reply
SYN-0601,T-1,1,0,1,27,0,synthetic reply
SYN-0602,T-7,1,1,1,167,0,synthetic reply
SYN-0602,T-2,1,1,0,52,0,synthetic reply
SYN-0602,T-1,1,1,0,27,0,synthetic reply
SYN-0603,T-7,1,0,3,165,0,synthetic reply
SYN-0603,T-2,1,0,2,51,0,synthetic reply
SYN-0603,T-1,1,0,2,24,0,synthetic reply
SYN-0604,T-7,0,0,0,171,0,synthetic reply
SYN-0604,T-2,1,0,0,47,0,synthetic reply
SYN-0604,T-1,1,0,1,23,0,synthetic reply
SYN-0605,T-7,1,0,2,169,1,synthetic reply
SYN-0605,T-2,1,0,3,50,0,synthetic reply
SYN-0605,T-1,1,0,2,21,1,synthetic reply
SYN-0606,T-7,0,0,1,165,0,synthetic reply
SYN-0606,T-2,0,1,1,52,0,synthetic reply
SYN-0606,T-1,1,1,1,23,0,synthetic reply
SYN-0607,T-7,1,0,3,165,0,synthetic reply
SYN-0607,T-2,1,0,2,45,0,synthetic reply
SYN-0607,T-1,1,0,3,27,1,synthetic reply
SYN-0608,T-7,0,1,1,165,0,synthetic reply
SYN-0608,T-2,0,1,1,45,0,synthetic reply
SYN-0608,T-1,0,1,1,21,1,synthetic reply
SYN-0609,T-7,0,1,1,171,1,synthetic reply
SYN-0609,T-2,0,1,1,48,1,synthetic reply
SYN-0609,T-1,1,1,1,20,0,synthetic reply
SYN-0610,T-7,1,0,0,168,0,synthetic reply
SYN-0610,T-2,1,0,0,47,1,synthetic reply
SYN-0610,T-1,1,0,1,22,0,synthetic reply
SYN-0611,T-7,0,0,0,169,0,synthetic reply
SYN-0611,T-2,0,0,0,47,1,synthetic reply
SYN-0611,T-1,0,0,0,20,1,synthetic reply
SYN-0612,T-7,0,0,0,172,0,synthetic reply
SYN-0612,T-2,0,0,0,47,1,synthetic reply
SYN-0612,T-1,0,0,0,25,1,synthetic reply
SYN-0613,T-7,0,1,2,167,1,synthetic reply
SYN-0613,T-2,0,1,2,47,1,synthetic reply
SYN-0613,T-1,0,1,3,26,1,synthetic reply
SYN-0614,T-7,1,0,1,169,0,synthetic reply
SYN-0614,T-2,1,0,1,48,0,synthetic reply
SYN-0614,T-1,1,0,1,24,1,synthetic reply
SYN-0615,T-7,0,1,0,164,0,synthetic reply
SYN-0615,T-2,0,1,0,51,0,synthetic reply
SYN-0615,T-1,0,1,0,28,1,synthetic reply
SYN-0616,T-7,1,1,1,165,0,synthetic reply
SYN-0616,T-2,1,1,2,51,0,synthetic reply
SYN-0616,T-1,1,1,1,26,0,synthetic reply
SYN-0617,T-7,1,0,3,171,1,synthetic reply
SYN-0617,T-2,1,0,2,50,0,synthetic reply
SYN-0617,T-1,1,0,2,24,0,synthetic reply
SYN-0618,T-7,0,0,2,172,0,synthetic reply
SYN-0618,T-2,0,0,3,47,1,synthetic reply
SYN-0618,T-1,1,0,3,23,0,synthetic reply
SYN-0619,T-7,0,0,0,167,1,synthetic reply
SYN-0619,T-2,0,0,0,52,0,synthetic reply
SYN-0619,T-1,0,0,0,23,1,synthetic reply
SYN-0620,T-7,0,0,2,169,1,synthetic reply
SYN-0620,T-2,0,0,2,46,1,synthetic reply
SYN-0620,T-1,1,0,2,28,0,synthetic reply
SYN-0621,T-7,0,1,3,169,0,synthetic reply
SYN-0621,T-2,0,1,2,49,0,synthetic reply
SYN-0621,T-1,0,1,2,26,0,synthetic reply
SYN-0622,T-7,1,0,0,171,1,synthetic reply
SYN-0622,T-2,1,0,0,48,0,synthetic reply
SYN-0622,T-1,1,0,1,20,1,synthetic reply
SYN-0623,T-7,1,0,0,172,0,synthetic reply
SYN-0623,T-2,1,0,0,45,0,synthetic reply
SYN-0623,T-1,1,0,0,25,0,synthetic reply
SYN-0624,T-7,1,0,2,171,0,synthetic reply
SYN-0624,T-2,1,1,2,46,1,synthetic reply
SYN-0624,T-1,1,1,2,28,0,synthetic reply
SYN-0625,T-7,0,1,1,164,0,synthetic reply
SYN-0625,T-2,0,1,0,47,1,synthetic reply
SYN-0625,T-1,0,1,0,26,1,synthetic reply
SYN-0626,T-7,1,1,1,166,0,synthetic reply
SYN-0626,T-2,1,1,1,45,0,synthetic reply
SYN-0626,T-1,1,1,1,23,1,synthetic reply
SYN-0627,T-7,0,1,1,171,0,synthetic reply
SYN-0627,T-2,1,1,1,47,1,synthetic reply
SYN-0627,T-1,1,1,1,20,0,synthetic reply
SYN-0628,T-7,1,1,2,165,0,synthetic reply
SYN-0628,T-2,1,1,2,48,0,synthetic reply
SYN-0628,T-1,1,1,2,26,1,synthetic reply
SYN-0629,T-7,0,0,2,170,0,synthetic reply
SYN-0629,T-2,1,0,2,50,0,synthetic reply
SYN-0629,T-1,1,0,2,23,1,synthetic reply
SYN-0630,T-7,1,0,1,169,0,synthetic reply
SYN-0630,T-2,1,0,1,48,1,synthetic reply
SYN-0630,T-1,1,0,1,26,0,synthetic reply
SYN-0631,T-7,1,0,2,169,0,synthetic reply
SYN-0631,T-2,1,0,2,48,0,synthetic reply
SYN-0631,T-1,1,0,2,23,0,synthetic reply
SYN-0632,T-7,0,1,2,167,1,synthetic reply
SYN-0632,T-2,0,1,1,44,1,synthetic reply
SYN-0632,T-1,0,1,1,22,1,synthetic reply
SYN-0633,T-7,1,0,0,169,0,synthetic reply
SYN-0633,T-2,1,0,0,50,0,synthetic reply
SYN-0633,T-1,1,0,1,28,1,synthetic reply
SYN-0634,T-7,1,0,0,167,0,synthetic reply
SYN-0634,T-2,1,0,0,46,0,synthetic reply
SYN-0634,T-1,1,0,0,27,0,synthetic reply
SYN-0635,T-7,1,0,1,168,0,synthetic reply
SYN-0635,T-2,1,0,1,45,0,synthetic reply
SYN-0635,T-1,1,0,1,28,0,synthetic reply
SYN-0636,T-7,0,0,1,168,1,synthetic reply
SYN-0636,T-2,0,0,1,52,0,synthetic reply
SYN-0636,T-1,0,0,1,21,1,synthetic reply
SYN-0637,T-7,0,0,2,170,1,synthetic reply
SYN-0637,T-2,0,0,3,46,1,synthetic reply
SYN-0637,T-1,0,0,2,28,1,synthetic reply
SYN-0638,T-7,1,1,1,170,1,synthetic reply
SYN-0638,T-2,1,1,1,44,0,synthetic reply
SYN-0638,T-1,1,1,1,27,0,synthetic reply
SYN-0639,T-7,1,0,2,166,0,synthetic reply
SYN-0639,T-2,1,0,1,51,0,synthetic reply
SYN-0639,T-1,1,0,1,21,0,synthetic reply
SYN-0640,T-7,1,0,2,168,0,synthetic reply
SYN-0640,T-2,1,0,2,47,0,synthetic reply
SYN-0640,T-1,1,0,3,25,0,synthetic reply
SYN-0641,T-7,1,0,0,166,0,synthetic reply
SYN-0641,T-2,1,0,0,47,0,synthetic reply
SYN-0641,T-1,1,0,0,28,1,synthetic reply
SYN-0642,T-7,1,1,2,169,1,synthetic reply
SYN-0642,T-2,1,1,3,45,1,synthetic reply
SYN-0642,T-1,1,1,3,21,1,synthetic reply
SYN-0643,T-7,1,0,2,165,0,synthetic reply
SYN-0643,T-2,1,0,2,45,1,synthetic reply
SYN-0643,T-1,1,1,2,21,0,synthetic reply
SYN-0644,T-7,0,0,0,165,0,synthetic reply
SYN-0644,T-2,0,1,1,44,1,synthetic reply
SYN-0644,T-1,0,1,1,27,1,synthetic reply
SYN-0645,T-7,0,0,2,166,0,synthetic reply
SYN-0645,T-2,0,0,2,46,1,synthetic reply
SYN-0645,T-1,0,0,2,24,0,synthetic reply
SYN-0646,T-7,1,1,1,171,0,synthetic reply
SYN-0646,T-2,1,1,2,46,0,synthetic reply
SYN-0646,T-1,1,1,1,26,0,synthetic reply
SYN-0647,T-7,1,0,0,165,0,synthetic reply
SYN-0647,T-2,1,0,0,46,0,synthetic reply
SYN-0647,T-1,1,0,0,24,0,synthetic reply
SYN-0648,T-7,1,0,1,164,0,synthetic reply
SYN-0648,T-2,1,0,2,49,0,synthetic reply
SYN-0648,T-1,1,0,1,26,0,synthetic reply
SYN-0649,T-7,0,1,1,166,1,synthetic reply
SYN-0649,T-2,0,1,0,50,0,synthetic reply
SYN-0649,T-1,0,1,0,24,0,synthetic reply
SYN-0650,T-7,1,0,0,165,0,synthetic reply
SYN-0650,T-2,1,0,0,50,0,synthetic reply
SYN-0650,T-1,1,0,0,20,1,synthetic reply
SYN-0651,T-7,1,0,2,172,0,synthetic reply
SYN-0651,T-2,1,0,2,47,0,synthetic reply
SYN-0651,T-1,1,0,2,22,0,synthetic reply
SYN-0652,T-7,1,0,0,170,1,synthetic reply
SYN-0652,T-2,1,0,0,52,0,synthetic reply
SYN-0652,T-1,1,0,0,23,0,synthetic reply
SYN-0653,T-7,1,0,1,171,0,synthetic reply
SYN-0653,T-2,1,0,1,50,0,synthetic reply
SYN-0653,T-1,1,0,1,28,0,synthetic reply
SYN-0654,T-7,1,0,2,169,0,synthetic reply
SYN-0654,T-2,1,0,2,47,0,synthetic reply
SYN-0654,T-1,1,0,3,21,0,synthetic reply
SYN-0655,T-7,0,1,0,171,1,synthetic reply
SYN-0655,T-2,0,1,0,48,0,synthetic reply
SYN-0655,T-1,0,1,0,27,1,synthetic reply
SYN-0656,T-7,0,0,2,168,0,synthetic reply
SYN-0656,T-2,0,0,1,46,0,synthetic reply
SYN-0656,T-1,0,0,1,21,0,synthetic reply
SYN-0657,T-7,0,1,0,172,0,synthetic reply
SYN-0657,T-2,0,1,0,45,1,synthetic reply
SYN-0657,T-1,0,1,1,20,1,synthetic reply
SYN-0658,T-7,1,1,1,167,0,synthetic reply
SYN-0658,T-2,1,1,1,45,1,synthetic reply
SYN-0658,T-1,1,1,1,20,0,synthetic reply
SYN-0659,T-7,0,0,1,165,0,synthetic reply
SYN-0659,T-2,0,1,2,51,1,synthetic reply
SYN-0659,T-1,0,1,1,20,1,synthetic reply
SYN-0660,T-7,1,0,2,170,1,synthetic reply
SYN-0660,T-2,1,0,2,51,1,synthetic reply
SYN-0660,T-1,1,1,2,25,0,synthetic reply
SYN-0661,T-7,0,0,0,170,0,synthetic reply
SYN-0661,T-2,0,0,0,47,0,synthetic reply
SYN-0661,T-1,0,0,0,22,1,synthetic reply
SYN-0662,T-7,0,1,2,164,1,synthetic reply
SYN-0662,T-2,0,1,2,45,0,synthetic reply
SYN-0662,T-1,0,1,2,20,1,synthetic reply
SYN-0663,T-7,1,1,2,172,1,synthetic reply
SYN-0663,T-2,1,1,3,49,0,synthetic reply
SYN-0663,T-1,1,1,2,22,1,synthetic reply
SYN-0664,T-7,1,0,0,169,0,synthetic reply
SYN-0664,T-2,1,0,0,51,0,synthetic reply
SYN-0664,T-1,1,0,0,21,0,synthetic reply
SYN-0665,T-7,1,0,1,172,1,synthetic reply
SYN-0665,T-2,1,0,1,44,0,synthetic reply
SYN-0665,T-1,1,0,1,25,1,synthetic reply
SYN-0666,T-7,0,1,2,167,1,synthetic reply
SYN-0666,T-2,0,1,2,52,1,synthetic reply
SYN-0666,T-1,0,1,2,23,0,synthetic reply
SYN-0667,T-7,0,0,0,164,0,synthetic reply
SYN-0667,T-2,0,0,0,45,0,synthetic reply
SYN-0667,T-1,0,0,1,23,1,synthetic reply
SYN-0668,T-7,0,0,2,165,0,synthetic reply
SYN-0668,T-2,0,0,2,47,0,synthetic reply
SYN-0668,T-1,0,0,2,28,1,synthetic reply
SYN-0669,T-7,1,0,0,167,0,synthetic reply
SYN-0669,T-2,1,0,0,51,0,synthetic reply
SYN-0669,T-1,1,0,0,22,0,synthetic reply
SYN-0670,T-7,1,1,2,167,0,synthetic reply
SYN-0670,T-2,1,1,2,52,0,synthetic reply
SYN-0670,T-1,1,1,2,28,1,synthetic reply
SYN-0671,T-7,0,0,2,165,0,synthetic reply
SYN-0671,T-2,0,0,2,50,0,synthetic reply
SYN-0671,T-1,0,0,2,21,0,synthetic reply
SYN-0672,T-7,0,0,0,164,1,synthetic reply
SYN-0672,T-2,0,0,0,45,0,synthetic reply
SYN-0672,T-1,0,0,0,22,0,synthetic reply
SYN-0673,T-7,0,1,0,170,1,synthetic reply
SYN-0673,T-2,0,1,0,50,0,synthetic reply
SYN-0673,T-1,0,1,0,22,1,synthetic reply
SYN-0674,T-7,0,0,2,172,0,synthetic reply
SYN-0674,T-2,0,0,2,51,0,synthetic reply
SYN-0674,T-1,0,0,2,25,1,synthetic reply
SYN-0675,T-7,1,0,2,172,0,synthetic reply
SYN-0675,T-2,1,0,2,48,1,synthetic reply
SYN-0675,T-1,1,0,2,26,1,synthetic reply
SYN-0676,T-7,0,1,2,168,1,synthetic reply
SYN-0676,T-2,0,1,2,45,1,synthetic reply
SYN-0676,T-1,0,1,3,23,1,synthetic reply
SYN-0677,T-7,1,0,1,169,0,synthetic reply
SYN-0677,T-2,1,0,1,48,0,synthetic reply
SYN-0677,T-1,1,0,1,21,0,synthetic reply
SYN-0678,T-7,1,0,1,166,1,synthetic reply
SYN-0678,T-2,1,1,0,49,0,synthetic reply
SYN-0678,T-1,1,1,0,28,0,synthetic reply
SYN-0679,T-7,1,1,1,172,0,synthetic reply
SYN-0679,T-2,1,1,2,47,0,synthetic reply
SYN-0679,T-1,1,1,1,22,0,synthetic reply
SYN-0680,T-7,0,0,2,172,1,synthetic reply
SYN-0680,T-2,0,0,2,49,1,synthetic reply
SYN-0680,T-1,1,0,2,23,0,synthetic reply
SYN-0681,T-7,0,0,2,167,1,synthetic reply
SYN-0681,T-2,0,1,1,47,0,synthetic reply
SYN-0681,T-1,0,1,1,21,1,synthetic reply
SYN-0682,T-7,1,1,1,166,0,synthetic reply
SYN-0682,T-2,1,1,1,45,0,synthetic reply
SYN-0682,T-1,1,1,1,25,0,synthetic reply
SYN-0683,T-7,1,0,3,164,1,synthetic reply
SYN-0683,T-2,1,0,2,52,0,synthetic reply
SYN-0683,T-1,1,0,2,23,1,synthetic reply
SYN-0684,T-7,0,1,1,171,1,synthetic reply
SYN-0684,T-2,1,1,2,46,1,synthetic reply
SYN-0684,T-1,1,1,1,20,0,synthetic reply
SYN-0685,T-7,0,0,2,169,0,synthetic reply
SYN-0685,T-2,0,0,2,51,0,synthetic reply
SYN-0685,T-1,0,0,2,26,1,synthetic reply
SYN-0686,T-7,0,0,2,170,0,synthetic reply
SYN-0686,T-2,0,0,2,51,0,synthetic reply
SYN-0686,T-1,0,0,2,21,1,synthetic reply
SYN-0687,T-7,0,0,0,171,0,synthetic reply
SYN-0687,T-2,0,1,0,52,1,synthetic reply
SYN-0687,T-1,0,1,0,24,1,synthetic reply
SYN-0688,T-7,1,0,1,168,0,synthetic reply
SYN-0688,T-2,1,0,1,49,0,synthetic reply
SYN-0688,T-1,1,0,2,28,0,synthetic reply
SYN-0689,T-7,1,0,3,166,1,synthetic reply
SYN-0689,T-2,1,0,2,45,0,synthetic reply
SYN-0689,T-1,1,0,2,24,0,synthetic reply
SYN-0690,T-7,1,0,2,169,0,synthetic reply
SYN-0690,T-2,1,0,2,46,1,synthetic reply
SYN-0690,T-1,1,0,2,26,0,synthetic reply
SYN-0691,T-7,0,0,0,169,0,synthetic reply
SYN-0691,T-2,0,0,0,47,1,synthetic reply
SYN-0691,T-1,0,0,0,22,1,synthetic reply
SYN-0692,T-7,1,0,1,170,0,synthetic reply
SYN-0692,T-2,1,0,1,50,1,synthetic reply
SYN-0692,T-1,1,0,1,28,0,synthetic reply
SYN-0693,T-7,0,0,1,170,0,synthetic reply
SYN-0693,T-2,0,0,1,51,1,synthetic reply
SYN-0693,T-1,0,0,1,20,1,synthetic reply
SYN-0694,T-7,0,0,0,168,0,synthetic reply
SYN-0694,T-2,1,0,0,47,0,synthetic reply
SYN-0694,T-1,1,0,0,27,0,synthetic reply
SYN-0695,T-7,0,0,2,172,1,synthetic reply
SYN-0695,T-2,0,0,1,49,0,synthetic reply
SYN-0695,T-1,0,0,1,21,1,synthetic reply
SYN-0696,T-7,0,0,3,168,1,synthetic reply
SYN-0696,T-2,0,0,2,51,1,synthetic reply
SYN-0696,T-1,0,0,2,22,0,synthetic reply
SYN-0697,T-7,1,0,1,170,0,synthetic reply
SYN-0697,T-2,1,0,1,52,1,synthetic reply
SYN-0697,T-1,1,0,1,26,1,synthetic reply
SYN-0698,T-7,0,1,2,167,0,synthetic reply
SYN-0698,T-2,0,1,1,47,0,synthetic reply
SYN-0698,T-1,0,1,1,23,1,synthetic reply
SYN-0699,T-7,1,1,2,168,0,synthetic reply
SYN-0699,T-2,1,1,3,48,1,synthetic reply
SYN-0699,T-1,1,1,3,27,0,synthetic reply
SYN-0700,T-7,1,0,1,167,0,synthetic reply
SYN-0700,T-2,1,0,1,47,1,synthetic reply
SYN-0700,T-1,1,0,1,20,1,synthetic reply
SYN-0701,T-7,1,1,0,171,0,synthetic reply
SYN-0701,T-2,1,1,0,50,1,synthetic reply
SYN-0701,T-1,1,1,0,23,1,synthetic reply
SYN-0702,T-7,0,0,1,170,1,synthetic reply
SYN-0702,T-2,1,0,1,51,1,synthetic reply
SYN-0702,T-1,1,0,1,25,1,synthetic reply
SYN-0703,T-7,0,0,1,164,0,synthetic reply
SYN-0703,T-2,0,0,0,51,0,synthetic reply
SYN-0703,T-1,0,0,0,27,0,synthetic reply
SYN-0704,T-7,1,0,0,165,0,synthetic reply
SYN-0704,T-2,1,0,1,46,0,synthetic reply
SYN-0704,T-1,1,0,0,27,0,synthetic reply
SYN-0705,T-7,1,0,1,172,0,synthetic reply
SYN-0705,T-2,1,0,1,51,1,synthetic reply
SYN-0705,T-1,1,0,0,26,1,synthetic reply
SYN-0706,T-7,1,1,1,166,1,synthetic reply
SYN-0706,T-2,1,1,1,46,1,synthetic reply
SYN-0706,T-1,1,1,1,25,0,synthetic reply
SYN-0707,T-7,1,0,3,169,0,synthetic reply
SYN-0707,T-2,1,0,2,48,0,synthetic reply
SYN-0707,T-1,1,0,2,24,0,synthetic reply
SYN-0708,T-7,0,0,2,167,0,synthetic reply
SYN-0708,T-2,0,0,2,50,0,synthetic reply
SYN-0708,T-1,0,1,2,28,1,synthetic reply
SYN-0709,T-7,0,0,1,169,0,synthetic reply
SYN-0709,T-2,0,0,1,45,0,synthetic reply
SYN-0709,T-1,0,0,1,23,1,synthetic reply
SYN-0710,T-7,1,0,1,165,0,synthetic reply
SYN-0710,T-2,1,0,1,48,0,synthetic reply
SYN-0710,T-1,1,1,1,22,1,synthetic reply
SYN-0711,T-7,0,0,1,171,0,synthetic reply
SYN-0711,T-2,0,0,0,51,0,synthetic reply
SYN-0711,T-1,0,1,0,20,1,synthetic reply
SYN-0712,T-7,0,0,2,169,0,synthetic reply
SYN-0712,T-2,0,0,1,52,0,synthetic reply
SYN-0712,T-1,0,1,1,22,1,synthetic reply
SYN-0713,T-7,1,1,1,168,0,synthetic reply
SYN-0713,T-2,1,1,1,52,1,synthetic reply
SYN-0713,T-1,1,1,2,27,1,synthetic reply
SYN-0714,T-7,0,1,1,165,1,synthetic reply
SYN-0714,T-2,0,1,1,47,0,synthetic reply
SYN-0714,T-1,1,1,1,22,0,synthetic reply
SYN-0715,T-7,0,1,0,171,0,synthetic reply
SYN-0715,T-2,0,1,1,52,1,synthetic reply
SYN-0715,T-1,0,1,0,22,0,synthetic reply
SYN-0716,T-7,1,1,0,167,0,synthetic reply
SYN-0716,T-2,1,1,0,50,1,synthetic reply
SYN-0716,T-1,1,1,1,23,1,synthetic reply
SYN-0717,T-7,0,1,0,170,1,synthetic reply
SYN-0717,T-2,0,1,0,52,1,synthetic reply
SYN-0717,T-1,0,1,0,28,1,synthetic reply
SYN-0718,T-7,1,1,2,167,1,synthetic reply
SYN-0718,T-2,1,1,2,48,1,synthetic reply
SYN-0718,T-1,1,1,2,22,0,synthetic reply
SYN-0719,T-7,0,0,2,170,1,synthetic reply
SYN-0719,T-2,0,0,2,48,0,synthetic reply
SYN-0719,T-1,0,1,2,26,1,synthetic reply
SYN-0720,T-7,0,0,1,170,0,synthetic reply
SYN-0720,T-2,1,0,2,51,1,synthetic reply
SYN-0720,T-1,1,0,1,21,0,synthetic reply
SYN-0721,T-7,0,1,2,168,1,synthetic reply
SYN-0721,T-2,0,1,2,44,1,synthetic reply
SYN-0721,T-1,0,1,2,26,0,synthetic reply
SYN-0722,T-7,0,0,1,169,1,synthetic reply
SYN-0722,T-2,0,0,1,51,1,synthetic reply
SYN-0722,T-1,1,0,1,22,1,synthetic reply
SYN-0723,T-7,0,0,2,168,0,synthetic reply
SYN-0723,T-2,0,0,3,49,1,synthetic reply
SYN-0723,T-1,0,0,2,28,0,synthetic reply
SYN-0724,T-7,1,0,1,164,0,synthetic reply
SYN-0724,T-2,1,0,1,50,0,synthetic reply
SYN-0724,T-1,1,1,1,22,0,synthetic reply
SYN-0725,T-7,0,1,0,169,1,synthetic reply
SYN-0725,T-2,0,1,0,44,1,synthetic reply
SYN-0725,T-1,0,1,1,23,0,synthetic reply
SYN-0726,T-7,0,0,1,166,1,synthetic reply
SYN-0726,T-2,0,1,1,44,0,synthetic reply
SYN-0726,T-1,0,1,0,23,1,synthetic reply
SYN-0727,T-7,0,1,1,171,0,synthetic reply
SYN-0727,T-2,0,1,1,47,0,synthetic reply
SYN-0727,T-1,0,1,1,28,0,synthetic reply
SYN-0728,T-7,1,1,0,170,0,synthetic reply
SYN-0728,T-2,1,1,0,47,0,synthetic reply
SYN-0728,T-1,1,1,0,28,1,synthetic reply
SYN-0729,T-7,0,0,1,170,1,synthetic reply
SYN-0729,T-2,0,0,2,45,1,synthetic reply
SYN-0729,T-1,0,0,1,27,1,synthetic reply
SYN-0730,T-7,1,0,1,172,0,synthetic reply
SYN-0730,T-2,1,0,1,50,0,synthetic reply
SYN-0730,T-1,1,0,1,20,0,synthetic reply
SYN-0731,T-7,0,0,2,171,0,synthetic reply
SYN-0731,T-2,0,0,2,48,1,synthetic reply
SYN-0731,T-1,0,0,2,28,1,synthetic reply
SYN-0732,T-7,0,1,1,168,0,synthetic reply
SYN-0732,T-2,0,1,1,50,0,synthetic reply
SYN-0732,T-1,0,1,1,20,0,synthetic reply
SYN-0733,T-7,0,1,1,168,1,synthetic reply
SYN-0733,T-2,0,1,1,49,0,synthetic reply
SYN-0733,T-1,0,1,1,24,1,synthetic reply
SYN-0734,T-7,1,0,2,172,1,synthetic reply
SYN-0734,T-2,1,0,2,46,0,synthetic reply
SYN-0734,T-1,1,0,2,26,1,synthetic reply
SYN-0735,T-7,1,0,1,165,0,synthetic reply
SYN-0735,T-2,1,0,1,44,0,synthetic reply
SYN-0735,T-1,1,0,0,25,0,synthetic reply
SYN-0736,T-7,0,1,2,170,0,synthetic reply
SYN-0736,T-2,0,1,3,52,0,synthetic reply
SYN-0736,T-1,0,1,2,24,1,synthetic reply
SYN-0737,T-7,0,0,2,169,0,synthetic reply
SYN-0737,T-2,0,0,2,46,1,synthetic reply
SYN-0737,T-1,0,0,2,21,0,synthetic reply
SYN-0738,T-7,0,0,1,166,0,synthetic reply
SYN-0738,T-2,0,0,1,48,1,synthetic reply
SYN-0738,T-1,1,1,1,22,1,synthetic reply
SYN-0739,T-7,0,0,2,165,0,synthetic reply
SYN-0739,T-2,0,0,2,44,1,synthetic reply
SYN-0739,T-1,0,0,2,20,1,synthetic reply
SYN-0740,T-7,0,0,0,170,0,synthetic reply
SYN-0740,T-2,0,0,1,51,1,synthetic reply
SYN-0740,T-1,0,0,1,25,0,synthetic reply
SYN-0741,T-7,0,0,2,172,1,synthetic reply
SYN-0741,T-2,0,0,2,47,1,synthetic reply
SYN-0741,T-1,0,0,2,25,1,synthetic reply
SYN-0742,T-7,0,1,2,169,0,synthetic reply
SYN-0742,T-2,0,1,3,51,0,synthetic reply
SYN-0742,T-1,1,1,2,26,0,synthetic reply
SYN-0743,T-7,1,0,1,172,1,synthetic reply
SYN-0743,T-2,1,0,1,51,0,synthetic reply
SYN-0743,T-1,1,0,1,23,0,synthetic reply
SYN-0744,T-7,0,0,2,171,0,synthetic reply
SYN-0744,T-2,0,0,2,48,1,synthetic reply
SYN-0744,T-1,0,0,1,22,0,synthetic reply
SYN-0745,T-7,0,0,0,171,0,synthetic reply
SYN-0745,T-2,1,0,0,46,0,synthetic reply
SYN-0745,T-1,1,0,0,21,0,synthetic reply
SYN-0746,T-7,0,1,2,164,0,synthetic reply
SYN-0746,T-2,0,1,2,50,1,synthetic reply
SYN-0746,T-1,0,1,2,23,0,synthetic reply
SYN-0747,T-7,1,1,0,168,0,synthetic reply
SYN-0747,T-2,1,1,0,50,1,synthetic reply
SYN-0747,T-1,1,1,0,28,1,synthetic reply
SYN-0748,T-7,1,1,1,167,0,synthetic reply
SYN-0748,T-2,1,1,0,47,0,synthetic reply
SYN-0748,T-1,1,1,0,26,0,synthetic reply
SYN-0749,T-7,1,1,3,169,1,synthetic reply
SYN-0749,T-2,1,1,2,45,1,synthetic reply
SYN-0749,T-1,1,1,2,21,1,synthetic reply
SYN-0750,T-7,0,0,0,172,0,synthetic reply
SYN-0750,T-2,0,0,0,47,0,synthetic reply
SYN-0750,T-1,0,0,1,28,0,synthetic reply
SYN-0751,T-7,0,0,0,165,0,synthetic reply
SYN-0751,T-2,0,0,0,52,0,synthetic reply
SYN-0751,T-1,0,0,0,26,0,synthetic reply
SYN-0752,T-7,0,0,1,166,0,synthetic reply
SYN-0752,T-2,0,0,1,47,0,synthetic reply
SYN-0752,T-1,0,0,1,24,1,synthetic reply
SYN-0753,T-7,0,0,2,172,1,synthetic reply
SYN-0753,T-2,0,1,2,47,0,synthetic reply
SYN-0753,T-1,0,1,2,21,1,synthetic reply
SYN-0754,T-7,0,0,0,171,0,synthetic reply
SYN-0754,T-2,0,0,0,44,0,synthetic reply
SYN-0754,T-1,0,0,0,21,0,synthetic reply
SYN-0755,T-7,1,1,0,164,0,synthetic reply
SYN-0755,T-2,1,1,0,44,0,synthetic reply
SYN-0755,T-1,1,1,0,20,1,synthetic reply
SYN-0756,T-7,0,1,2,167,1,synthetic reply
SYN-0756,T-2,0,1,1,47,1,synthetic reply
SYN-0756,T-1,0,1,1,25,0,synthetic reply
SYN-0757,T-7,1,1,0,165,1,synthetic reply
SYN-0757,T-2,1,1,0,49,0,synthetic reply
SYN-0757,T-1,1,1,1,25,0,synthetic reply
SYN-0758,T-7,0,0,1,170,0,synthetic reply
SYN-0758,T-2,0,0,0,51,0,synthetic reply
SYN-0758,T-1,0,0,0,28,0,synthetic reply
SYN-0759,T-7,0,0,1,166,0,synthetic reply
SYN-0759,T-2,0,0,1,51,0,synthetic reply
SYN-0759,T-1,0,0,1,26,1,synthetic reply
SYN-0760,T-7,0,0,2,165,0,synthetic reply
SYN-0760,T-2,0,0,2,48,0,synthetic reply
SYN-0760,T-1,0,0,3,20,0,synthetic reply
SYN-0761,T-7,1,0,3,169,0,synthetic reply
SYN-0761,T-2,1,1,2,49,1,synthetic reply
SYN-0761,T-1,1,1,2,23,1,synthetic reply
SYN-0762,T-7,0,0,1,169,1,synthetic reply
SYN-0762,T-2,1,0,2,51,0,synthetic reply
SYN-0762,T-1,1,0,2,25,1,synthetic reply
SYN-0763,T-7,0,0,0,170,0,synthetic reply
SYN-0763,T-2,0,0,0,50,0,synthetic reply
SYN-0763,T-1,0,0,0,20,0,synthetic reply
SYN-0764,T-7,0,0,2,171,1,synthetic reply
SYN-0764,T-2,0,0,2,45,0,synthetic reply
SYN-0764,T-1,0,0,2,28,1,synthetic reply
SYN-0765,T-7,1,0,2,168,0,synthetic reply
SYN-0765,T-2,1,1,2,51,0,synthetic reply
SYN-0765,T-1,1,1,2,20,1,synthetic reply
SYN-0766,T-7,1,0,1,172,1,synthetic reply
SYN-0766,T-2,1,0,1,48,0,synthetic reply
SYN-0766,T-1,1,0,2,24,1,synthetic reply
SYN-0767,T-7,0,1,1,170,1,synthetic reply
SYN-0767,T-2,0,1,0,45,0,synthetic reply
SYN-0767,T-1,0,1,0,25,0,synthetic reply
SYN-0768,T-7,1,0,0,172,0,synthetic reply
SYN-0768,T-2,1,0,0,44,0,synthetic reply
SYN-0768,T-1,1,0,0,26,0,synthetic reply
SYN-0769,T-7,1,0,0,167,0,synthetic reply
SYN-0769,T-2,1,0,0,47,0,synthetic reply
SYN-0769,T-1,1,0,0,22,0,synthetic reply
SYN-0770,T-7,1,0,1,168,0,synthetic reply
SYN-0770,T-2,1,0,1,46,0,synthetic reply
SYN-0770,T-1,1,0,1,20,1,synthetic reply
SYN-0771,T-7,0,0,3,164,1,synthetic reply
SYN-0771,T-2,1,0,2,46,1,synthetic reply
SYN-0771,T-1,1,0,2,20,0,synthetic reply
SYN-0772,T-7,0,0,2,169,0,synthetic reply
SYN-0772,T-2,0,0,2,50,1,synthetic reply
SYN-0772,T-1,0,0,2,22,0,synthetic reply
SYN-0773,T-7,0,0,0,167,0,synthetic reply
SYN-0773,T-2,0,0,0,44,0,synthetic reply
SYN-0773,T-1,0,0,0,27,0,synthetic reply
SYN-0774,T-7,0,0,1,168,0,synthetic reply
SYN-0774,T-2,0,0,1,45,0,synthetic reply
SYN-0774,T-1,0,0,1,26,1,synthetic reply
SYN-0775,T-7,0,0,2,164,0,synthetic reply
SYN-0775,T-2,0,0,2,48,1,synthetic reply
SYN-0775,T-1,0,0,2,24,1,synthetic reply
SYN-0776,T-7,0,1,1,164,1,synthetic reply
SYN-0776,T-2,0,1,1,47,1,synthetic reply
SYN-0776,T-1,0,1,1,21,0,synthetic reply
SYN-0777,T-7,0,0,1,164,0,synthetic reply
SYN-0777,T-2,0,0,1,45,0,synthetic reply
SYN-0777,T-1,0,0,1,22,0,synthetic reply
SYN-0778,T-7,1,1,2,165,1,synthetic reply
SYN-0778,T-2,1,1,2,44,1,synthetic reply
SYN-0778,T-1,1,1,1,23,0,synthetic reply
SYN-0779,T-7,1,0,2,166,0,synthetic reply
SYN-0779,T-2,1,0,2,44,1,synthetic reply
SYN-0779,T-1,1,0,2,20,0,synthetic reply
SYN-0780,T-7,1,0,0,164,0,synthetic reply
SYN-0780,T-2,1,0,0,50,0,synthetic reply
SYN-0780,T-1,1,0,1,25,0,synthetic reply
SYN-0781,T-7,0,1,3,167,0,synthetic reply
SYN-0781,T-2,0,1,2,51,1,synthetic reply
SYN-0781,T-1,0,1,2,22,1,synthetic reply
SYN-0782,T-7,0,0,0,172,1,synthetic reply
SYN-0782,T-2,0,1,1,49,0,synthetic reply
SYN-0782,T-1,0,1,0,28,1,synthetic reply
SYN-0783,T-7,1,0,2,167,0,synthetic reply
SYN-0783,T-2,1,0,1,52,0,synthetic reply
SYN-0783,T-1,1,0,2,21,1,synthetic reply
SYN-0784,T-7,1,0,1,168,0,synthetic reply
SYN-0784,T-2,1,0,1,44,1,synthetic reply
SYN-0784,T-1,1,0,1,20,0,synthetic reply
SYN-0785,T-7,0,0,1,166,0,synthetic reply
SYN-0785,T-2,0,0,2,46,1,synthetic reply
SYN-0785,T-1,0,0,1,21,0,synthetic reply
SYN-0786,T-7,0,0,1,167,0,synthetic reply
SYN-0786,T-2,1,0,1,44,0,synthetic reply
SYN-0786,T-1,1,0,1,26,0,synthetic reply
SYN-0787,T-7,0,1,1,169,0,synthetic reply
SYN-0787,T-2,0,1,1,47,1,synthetic reply
SYN-0787,T-1,0,1,1,23,1,synthetic reply
SYN-0788,T-7,0,1,2,167,1,synthetic reply
SYN-0788,T-2,0,1,2,48,1,synthetic reply
SYN-0788,T-1,0,1,2,25,0,synthetic reply
SYN-0789,T-7,1,0,0,166,0,synthetic reply
SYN-0789,T-2,1,0,0,47,0,synthetic reply
SYN-0789,T-1,1,0,0,20,0,synthetic reply
SYN-0790,T-7,1,1,2,164,1,synthetic reply
SYN-0790,T-2,1,1,3,48,0,synthetic reply
SYN-0790,T-1,1,1,2,27,0,synthetic reply
SYN-0791,T-7,1,1,0,170,0,synthetic reply
SYN-0791,T-2,1,1,0,51,0,synthetic reply
SYN-0791,T-1,1,1,0,23,0,synthetic reply
SYN-0792,T-7,0,0,1,169,0,synthetic reply
SYN-0792,T-2,0,0,1,49,0,synthetic reply
SYN-0792,T-1,0,0,2,25,1,synthetic reply
SYN-0793,T-7,1,1,1,172,0,synthetic reply
SYN-0793,T-2,1,1,1,44,1,synthetic reply
SYN-0793,T-1,1,1,1,26,1,synthetic reply
SYN-0794,T-7,0,0,1,169,0,synthetic reply
SYN-0794,T-2,0,0,2,44,1,synthetic reply
SYN-0794,T-1,1,0,1,20,0,synthetic reply
SYN-0795,T-7,1,1,2,171,0,synthetic reply
SYN-0795,T-2,1,1,1,50,1,synthetic reply
SYN-0795,T-1,1,1,2,25,0,synthetic reply
SYN-0796,T-7,0,0,2,166,0,synthetic reply
SYN-0796,T-2,1,0,2,52,0,synthetic reply
SYN-0796,T-1,1,0,2,21,0,synthetic reply
SYN-0797,T-7,0,0,0,172,0,synthetic reply
SYN-0797,T-2,1,0,0,47,0,synthetic reply
SYN-0797,T-1,1,0,0,27,0,synthetic reply
SYN-0798,T-7,0,0,1,170,0,synthetic reply
SYN-0798,T-2,0,0,1,49,1,synthetic reply
SYN-0798,T-1,1,0,1,23,0,synthetic reply
SYN-0799,T-7,0,0,0,167,1,synthetic reply
SYN-0799,T-2,0,0,0,52,0,synthetic reply
SYN-0799,T-1,0,0,0,26,0,synthetic reply
SYN-0800,T-7,0,1,0,171,0,synthetic reply
SYN-0800,T-2,0,1,0,44,1,synthetic reply
SYN-0800,T-1,0,1,0,28,1,synthetic reply
SYN-0801,T-7,0,0,1,167,1,synthetic reply
SYN-0801,T-2,0,0,1,44,0,synthetic reply
SYN-0801,T-1,0,0,2,26,1,synthetic reply
SYN-0802,T-7,1,0,1,172,0,synthetic reply
SYN-0802,T-2,1,0,1,49,0,synthetic reply
SYN-0802,T-1,1,1,1,27,0,synthetic reply
SYN-0803,T-7,0,0,2,172,1,synthetic reply
SYN-0803,T-2,1,0,2,52,0,synthetic reply
SYN-0803,T-1,1,0,2,20,0,synthetic reply
SYN-0804,T-7,0,0,2,166,0,synthetic reply
SYN-0804,T-2,0,0,2,46,1,synthetic reply
SYN-0804,T-1,0,0,2,21,0,synthetic reply
SYN-0805,T-7,1,1,0,167,0,synthetic reply
SYN-0805,T-2,1,1,1,51,0,synthetic reply
SYN-0805,T-1,1,1,0,23,1,synthetic reply
SYN-0806,T-7,0,0,1,170,0,synthetic reply
SYN-0806,T-2,0,0,1,49,0,synthetic reply
SYN-0806,T-1,1,0,1,22,0,synthetic reply
SYN-0807,T-7,1,0,0,172,0,synthetic reply
SYN-0807,T-2,1,0,0,44,0,synthetic reply
SYN-0807,T-1,1,0,0,20,0,synthetic reply
SYN-0808,T-7,1,0,3,169,0,synthetic reply
SYN-0808,T-2,1,0,2,49,0,synthetic reply
SYN-0808,T-1,1,0,2,27,0,synthetic reply
SYN-0809,T-7,1,0,1,167,0,synthetic reply
SYN-0809,T-2,1,0,2,50,0,synthetic reply
SYN-0809,T-1,1,0,1,28,0,synthetic reply
SYN-0810,T-7,1,0,1,171,0,synthetic reply
SYN-0810,T-2,1,0,2,49,1,synthetic reply
SYN-0810,T-1,1,0,2,21,0,synthetic reply
SYN-0811,T-7,0,0,0,172,0,synthetic reply
SYN-0811,T-2,0,0,0,50,0,synthetic reply
SYN-0811,T-1,0,0,0,25,0,synthetic reply
SYN-0812,T-7,1,0,0,167,0,synthetic reply
SYN-0812,T-2,1,0,0,48,0,synthetic reply
SYN-0812,T-1,1,0,0,26,0,synthetic reply
SYN-0813,T-7,0,0,1,172,0,synthetic reply
SYN-0813,T-2,1,0,1,48,1,synthetic reply
SYN-0813,T-1,1,0,1,23,0,synthetic reply
SYN-0814,T-7,1,1,1,166,0,synthetic reply
SYN-0814,T-2,1,1,0,51,1,synthetic reply
SYN-0814,T-1,1,1,0,26,1,synthetic reply
SYN-0815,T-7,1,1,2,168,0,synthetic reply
SYN-0815,T-2,1,1,2,44,1,synthetic reply
SYN-0815,T-1,1,1,2,21,1,synthetic reply
SYN-0816,T-7,0,1,1,168,0,synthetic reply
SYN-0816,T-2,0,1,1,52,0,synthetic reply
SYN-0816,T-1,0,1,1,23,1,synthetic reply
SYN-0817,T-7,1,1,2,172,1,synthetic reply
SYN-0817,T-2,1,1,2,48,1,synthetic reply
SYN-0817,T-1,1,1,2,26,0,synthetic reply
SYN-0818,T-7,0,0,2,172,1,synthetic reply
SYN-0818,T-2,0,0,2,52,0,synthetic reply
SYN-0818,T-1,0,0,2,24,1,synthetic reply
SYN-0819,T-7,1,0,2,164,0,synthetic reply
SYN-0819,T-2,1,0,2,45,0,synthetic reply
SYN-0819,T-1,1,0,2,22,0,synthetic reply
SYN-0820,T-7,0,0,3,165,0,synthetic reply
SYN-0820,T-2,0,0,2,47,1,synthetic reply
SYN-0820,T-1,0,0,2,21,0,synthetic reply
SYN-0821,T-7,0,1,2,164,1,synthetic reply
SYN-0821,T-2,0,1,2,49,0,synthetic reply
SYN-0821,T-1,1,1,2,20,1,synthetic reply
SYN-0822,T-7,0,1,1,164,0,synthetic reply
SYN-0822,T-2,0,1,1,47,1,synthetic reply
SYN-0822,T-1,0,1,1,22,1,synthetic reply
SYN-0823,T-7,1,0,1,166,0,synthetic reply
SYN-0823,T-2,1,0,1,52,0,synthetic reply
SYN-0823,T-1,1,0,1,22,0,synthetic reply
SYN-0824,T-7,0,0,1,164,1,synthetic reply
SYN-0824,T-2,0,0,1,48,1,synthetic reply
SYN-0824,T-1,1,0,1,24,0,synthetic reply
SYN-0825,T-7,0,0,2,169,0,synthetic reply
SYN-0825,T-2,1,0,2,44,1,synthetic reply
SYN-0825,T-1,1,0,2,23,0,synthetic reply
SYN-0826,T-7,0,0,1,165,0,synthetic reply
SYN-0826,T-2,0,0,1,51,1,synthetic reply
SYN-0826,T-1,0,0,1,23,1,synthetic reply
SYN-0827,T-7,0,0,1,172,0,synthetic reply
SYN-0827,T-2,0,0,1,49,1,synthetic reply
SYN-0827,T-1,0,0,2,26,1,synthetic reply
SYN-0828,T-7,0,0,1,167,1,synthetic reply
SYN-0828,T-2,0,0,1,46,0,synthetic reply
SYN-0828,T-1,0,0,2,22,0,synthetic reply
SYN-0829,T-7,1,0,1,170,0,synthetic reply
SYN-0829,T-2,1,1,1,45,0,synthetic reply
SYN-0829,T-1,1,1,1,25,0,synthetic reply
SYN-0830,T-7,1,1,2,166,1,synthetic reply
SYN-0830,T-2,1,1,1,46,0,synthetic reply
SYN-0830,T-1,1,1,1,26,0,synthetic reply
SYN-0831,T-7,0,1,2,169,0,synthetic reply
SYN-0831,T-2,0,1,1,45,1,synthetic reply
SYN-0831,T-1,0,1,1,26,0,synthetic reply
SYN-0832,T-7,0,0,0,169,0,synthetic reply
SYN-0832,T-2,1,0,0,50,0,synthetic reply
SYN-0832,T-1,1,0,0,23,1,synthetic reply
SYN-0833,T-7,0,0,1,165,0,synthetic reply
SYN-0833,T-2,0,0,1,45,0,synthetic reply
SYN-0833,T-1,0,0,1,22,0,synthetic reply
SYN-0834,T-7,0,1,2,164,1,synthetic reply
SYN-0834,T-2,1,1,1,48,1,synthetic reply
SYN-0834,T-1,1,1,1,23,0,synthetic reply
SYN-0835,T-7,0,1,0,165,1,synthetic reply
SYN-0835,T-2,0,1,0,50,1,synthetic reply
SYN-0835,T-1,0,1,0,25,0,synthetic reply
SYN-0836,T-7,1,0,0,169,0,synthetic reply
SYN-0836,T-2,1,0,0,45,0,synthetic reply
SYN-0836,T-1,1,0,0,23,0,synthetic reply
SYN-0837,T-7,1,0,2,165,0,synthetic reply
SYN-0837,T-2,1,0,2,46,0,synthetic reply
SYN-0837,T-1,1,0,2,27,0,synthetic reply
SYN-0838,T-7,0,0,2,164,1,synthetic reply
SYN-0838,T-2,0,0,3,44,1,synthetic reply
SYN-0838,T-1,0,0,2,27,0,synthetic reply
SYN-0839,T-7,0,0,1,170,1,synthetic reply
SYN-0839,T-2,0,0,1,47,1,synthetic reply
SYN-0839,T-1,0,0,1,27,1,synthetic reply
SYN-0840,T-7,0,0,1,166,0,synthetic reply
SYN-0840,T-2,0,0,0,52,0,synthetic reply
SYN-0840,T-1,1,0,0,23,1,synthetic reply
SYN-0841,T-7,1,1,2,167,0,synthetic reply
SYN-0841,T-2,1,1,2,46,1,synthetic reply
SYN-0841,T-1,1,1,2,20,0,synthetic reply
SYN-0842,T-7,0,1,0,166,0,synthetic reply
SYN-0842,T-2,0,1,0,49,0,synthetic reply
SYN-0842,T-1,1,1,1,21,0,synthetic reply
SYN-0843,T-7,1,0,0,170,0,synthetic reply
SYN-0843,T-2,1,0,0,47,1,synthetic reply
SYN-0843,T-1,1,0,0,28,0,synthetic reply
SYN-0844,T-7,1,0,1,167,0,synthetic reply
SYN-0844,T-2,1,0,1,48,0,synthetic reply
SYN-0844,T-1,1,0,1,28,0,synthetic reply
SYN-0845,T-7,1,1,1,169,1,synthetic reply
SYN-0845,T-2,1,1,1,50,0,synthetic reply
SYN-0845,T-1,1,1,2,21,0,synthetic reply
SYN-0846,T-7,0,0,1,167,0,synthetic reply
SYN-0846,T-2,0,0,1,46,0,synthetic reply
SYN-0846,T-1,0,0,1,27,0,synthetic reply
SYN-0847,T-7,0,0,1,172,1,synthetic reply
SYN-0847,T-2,1,0,2,48,0,synthetic reply
SYN-0847,T-1,1,0,2,25,0,synthetic reply
SYN-0848,T-7,0,1,0,167,0,synthetic reply
SYN-0848,T-2,0,1,0,46,0,synthetic reply
SYN-0848,T-1,0,1,0,24,0,synthetic reply
SYN-0849,T-7,1,0,1,170,0,synthetic reply
SYN-0849,T-2,1,0,0,45,0,synthetic reply
SYN-0849,T-1,1,0,0,26,0,synthetic reply
SYN-0850,T-7,1,0,2,172,0,synthetic reply
SYN-0850,T-2,1,0,3,45,0,synthetic reply
SYN-0850,T-1,1,1,3,23,1,synthetic reply
SYN-0851,T-7,0,0,0,170,1,synthetic reply
SYN-0851,T-2,0,1,0,44,1,synthetic reply
SYN-0851,T-1,0,1,0,21,1,synthetic reply
SYN-0852,T-7,0,0,1,170,0,synthetic reply
SYN-0852,T-2,0,0,0,46,1,synthetic reply
SYN-0852,T-1,0,0,1,23,0,synthetic reply
SYN-0853,T-7,1,0,2,164,1,synthetic reply
SYN-0853,T-2,1,0,2,48,0,synthetic reply
SYN-0853,T-1,1,0,2,25,0,synthetic reply
SYN-0854,T-7,0,1,2,166,1,synthetic reply
SYN-0854,T-2,0,1,2,52,1,synthetic reply
SYN-0854,T-1,1,1,2,25,0,synthetic reply
SYN-0855,T-7,1,0,2,166,0,synthetic reply
SYN-0855,T-2,1,0,2,52,0,synthetic reply
SYN-0855,T-1,1,0,2,27,0,synthetic reply
SYN-0856,T-7,0,0,0,169,0,synthetic reply
SYN-0856,T-2,0,0,0,50,0,synthetic reply
SYN-0856,T-1,0,0,0,28,1,synthetic reply
SYN-0857,T-7,0,0,1,166,0,synthetic reply
SYN-0857,T-2,0,0,1,49,1,synthetic reply
SYN-0857,T-1,0,0,1,22,0,synthetic reply
SYN-0858,T-7,1,0,2,167,0,synthetic reply
SYN-0858,T-2,1,0,2,52,0,synthetic reply
SYN-0858,T-1,1,0,3,28,1,synthetic reply
SYN-0859,T-7,0,1,2,166,1,synthetic reply
SYN-0859,T-2,0,1,1,45,0,synthetic reply
SYN-0859,T-1,1,1,1,21,0,synthetic reply
SYN-0860,T-7,0,0,0,167,1,synthetic reply
SYN-0860,T-2,0,0,1,46,1,synthetic reply
SYN-0860,T-1,0,0,1,20,1,synthetic reply
SYN-0861,T-7,1,1,2,169,0,synthetic reply
SYN-0861,T-2,1,1,2,44,0,synthetic reply
SYN-0861,T-1,1,1,2,24,0,synthetic reply
SYN-0862,T-7,1,1,0,165,0,synthetic reply
SYN-0862,T-2,1,1,0,44,0,synthetic reply
SYN-0862,T-1,1,1,1,28,1,synthetic reply
SYN-0863,T-7,0,0,1,165,0,synthetic reply
SYN-0863,T-2,0,0,2,51,1,synthetic reply
SYN-0863,T-1,0,0,1,20,1,synthetic reply
SYN-0864,T-7,0,0,2,164,0,synthetic reply
SYN-0864,T-2,0,0,2,49,0,synthetic reply
SYN-0864,T-1,0,0,2,22,1,synthetic reply
SYN-0865,T-7,0,0,2,168,0,synthetic reply
SYN-0865,T-2,0,0,2,44,0,synthetic reply
SYN-0865,T-1,0,0,3,28,0,synthetic reply
SYN-0866,T-7,1,0,0,165,0,synthetic reply
SYN-0866,T-2,1,0,0,51,0,synthetic reply
SYN-0866,T-1,1,0,0,21,0,synthetic reply
SYN-0867,T-7,1,0,2,171,0,synthetic reply
SYN-0867,T-2,1,0,2,46,0,synthetic reply
SYN-0867,T-1,1,0,3,25,0,synthetic reply
SYN-0868,T-7,0,0,1,168,0,synthetic reply
SYN-0868,T-2,0,1,2,51,1,synthetic reply
SYN-0868,T-1,0,1,1,24,1,synthetic reply
SYN-0869,T-7,1,0,3,171,1,synthetic reply
SYN-0869,T-2,1,0,2,46,0,synthetic reply
SYN-0869,T-1,1,0,2,23,0,synthetic reply
SYN-0870,T-7,1,1,3,171,0,synthetic reply
SYN-0870,T-2,1,1,2,45,1,synthetic reply
SYN-0870,T-1,1,1,2,28,1,synthetic reply
SYN-0871,T-7,1,0,3,172,0,synthetic reply
SYN-0871,T-2,1,0,2,45,0,synthetic reply
SYN-0871,T-1,1,0,2,26,0,synthetic reply
SYN-0872,T-7,1,0,1,169,0,synthetic reply
SYN-0872,T-2,1,0,1,52,0,synthetic reply
SYN-0872,T-1,1,0,2,27,0,synthetic reply
SYN-0873,T-7,1,0,2,166,0,synthetic reply
SYN-0873,T-2,1,0,2,51,0,synthetic reply
SYN-0873,T-1,1,1,2,22,1,synthetic reply
SYN-0874,T-7,1,0,0,166,0,synthetic reply
SYN-0874,T-2,1,0,1,46,1,synthetic reply
SYN-0874,T-1,1,0,0,20,0,synthetic reply
SYN-0875,T-7,0,0,0,164,0,synthetic reply
SYN-0875,T-2,0,0,1,45,0,synthetic reply
SYN-0875,T-1,0,0,0,25,1,synthetic reply
SYN-0876,T-7,1,0,2,169,0,synthetic reply
SYN-0876,T-2,1,0,2,45,0,synthetic reply
SYN-0876,T-1,1,0,2,24,1,synthetic reply
SYN-0877,T-7,1,0,2,166,0,synthetic reply
SYN-0877,T-2,1,0,2,52,1,synthetic reply
SYN-0877,T-1,1,0,2,20,0,synthetic reply
SYN-0878,T-7,0,0,2,166,1,synthetic reply
SYN-0878,T-2,0,1,2,51,1,synthetic reply
SYN-0878,T-1,0,1,2,24,1,synthetic reply
SYN-0879,T-7,1,0,1,164,0,synthetic reply
SYN-0879,T-2,1,0,1,50,0,synthetic reply
SYN-0879,T-1,1,0,1,25,0,synthetic reply
SYN-0880,T-7,0,1,1,167,0,synthetic reply
SYN-0880,T-2,0,1,1,48,1,synthetic reply
SYN-0880,T-1,0,1,2,25,1,synthetic reply
SYN-0881,T-7,1,1,0,167,0,synthetic reply
SYN-0881,T-2,1,1,1,50,1,synthetic reply
SYN-0881,T-1,1,1,0,20,0,synthetic reply
SYN-0882,T-7,1,1,2,171,0,synthetic reply
SYN-0882,T-2,1,1,2,50,0,synthetic reply
SYN-0882,T-1,1,1,3,20,1,synthetic reply
SYN-0883,T-7,0,1,1,170,1,synthetic reply
SYN-0883,T-2,0,1,2,49,1,synthetic reply
SYN-0883,T-1,0,1,1,26,1,synthetic reply
SYN-0884,T-7,0,0,0,165,0,synthetic reply
SYN-0884,T-2,0,0,0,48,0,synthetic reply
SYN-0884,T-1,0,0,0,24,0,synthetic reply
SYN-0885,T-7,0,0,1,165,1,synthetic reply
SYN-0885,T-2,0,0,1,49,0,synthetic reply
SYN-0885,T-1,0,0,2,21,1,synthetic reply
SYN-0886,T-7,1,0,0,166,0,synthetic reply
SYN-0886,T-2,1,0,0,52,0,synthetic reply
SYN-0886,T-1,1,0,0,20,0,synthetic reply
SYN-0887,T-7,0,0,0,170,0,synthetic reply
SYN-0887,T-2,0,0,1,45,0,synthetic reply
SYN-0887,T-1,0,0,0,27,0,synthetic reply
SYN-0888,T-7,0,0,2,170,1,synthetic reply
SYN-0888,T-2,0,0,2,50,1,synthetic reply
SYN-0888,T-1,0,0,2,27,0,synthetic reply
SYN-0889,T-7,0,0,1,170,0,synthetic reply
SYN-0889,T-2,0,0,1,52,1,synthetic reply
SYN-0889,T-1,0,1,2,22,1,synthetic reply
SYN-0890,T-7,1,0,0,170,1,synthetic reply
SYN-0890,T-2,1,0,0,51,1,synthetic reply
SYN-0890,T-1,1,0,0,28,0,synthetic reply
SYN-0891,T-7,1,0,0,167,0,synthetic reply
SYN-0891,T-2,1,0,0,52,1,synthetic reply
SYN-0891,T-1,1,0,0,22,0,synthetic reply
SYN-0892,T-7,0,0,2,170,0,synthetic reply
SYN-0892,T-2,0,0,2,45,1,synthetic reply
SYN-0892,T-1,0,0,2,21,0,synthetic reply
SYN-0893,T-7,0,0,0,171,0,synthetic reply
SYN-0893,T-2,1,0,0,49,1,synthetic reply
SYN-0893,T-1,1,0,0,24,0,synthetic reply
SYN-0894,T-7,1,0,2,168,0,synthetic reply
SYN-0894,T-2,1,0,2,46,1,synthetic reply
SYN-0894,T-1,1,0,2,24,0,synthetic reply
SYN-0895,T-7,1,1,1,171,1,synthetic reply
SYN-0895,T-2,1,1,0,46,1,synthetic reply
SYN-0895,T-1,1,1,0,27,0,synthetic reply
SYN-0896,T-7,0,1,1,168,0,synthetic reply
SYN-0896,T-2,0,1,1,52,1,synthetic reply
SYN-0896,T-1,0,1,2,25,1,synthetic reply
SYN-0897,T-7,0,0,2,166,0,synthetic reply
SYN-0897,T-2,0,0,2,44,0,synthetic reply
SYN-0897,T-1,0,0,3,21,0,synthetic reply
SYN-0898,T-7,1,1,0,164,0,synthetic reply
SYN-0898,T-2,1,1,0,49,0,synthetic reply
SYN-0898,T-1,1,1,1,26,0,synthetic reply
SYN-0899,T-7,1,1,0,171,1,synthetic reply
SYN-0899,T-2,1,1,0,50,0,synthetic reply
SYN-0899,T-1,1,1,1,23,0,synthetic reply
SYN-0900,T-7,1,0,1,166,1,synthetic reply
SYN-0900,T-2,1,0,1,52,0,synthetic reply
SYN-0900,T-1,1,0,1,27,0,synthetic reply
SYN-0901,T-7,0,0,1,165,1,synthetic reply
SYN-0901,T-2,0,0,1,49,0,synthetic reply
SYN-0901,T-1,0,0,0,27,1,synthetic reply
SYN-0902,T-7,0,0,1,165,0,synthetic reply
SYN-0902,T-2,0,0,2,44,1,synthetic reply
SYN-0902,T-1,0,0,1,20,0,synthetic reply
SYN-0903,T-7,1,0,1,172,0,synthetic reply
SYN-0903,T-2,1,0,1,50,1,synthetic reply
SYN-0903,T-1,1,0,1,23,1,synthetic reply
SYN-0904,T-7,0,1,0,169,0,synthetic reply
SYN-0904,T-2,0,1,0,50,1,synthetic reply
SYN-0904,T-1,0,1,0,21,1,synthetic reply
SYN-0905,T-7,1,0,1,171,0,synthetic reply
SYN-0905,T-2,1,0,2,46,0,synthetic reply
SYN-0905,T-1,1,0,1,21,1,synthetic reply
SYN-0906,T-7,0,0,1,169,0,synthetic reply
SYN-0906,T-2,0,0,1,50,1,synthetic reply
SYN-0906,T-1,0,0,2,20,0,synthetic reply
SYN-0907,T-7,1,0,2,167,0,synthetic reply
SYN-0907,T-2,1,0,2,51,0,synthetic reply
SYN-0907,T-1,1,0,2,27,0,synthetic reply
SYN-0908,T-7,0,0,1,169,0,synthetic reply
SYN-0908,T-2,0,0,1,44,1,synthetic reply
SYN-0908,T-1,0,1,1,22,1,synthetic reply
SYN-0909,T-7,1,0,0,168,0,synthetic reply
SYN-0909,T-2,1,0,0,51,0,synthetic reply
SYN-0909,T-1,1,0,0,22,0,synthetic reply
SYN-0910,T-7,1,0,2,166,0,synthetic reply
SYN-0910,T-2,1,1,2,48,0,synthetic reply
SYN-0910,T-1,1,1,2,26,0,synthetic reply
SYN-0911,T-7,0,0,2,165,1,synthetic reply
SYN-0911,T-2,0,1,2,51,1,synthetic reply
SYN-0911,T-1,0,1,2,25,0,synthetic reply
SYN-0912,T-7,0,0,0,165,1,synthetic reply
SYN-0912,T-2,0,0,0,48,1,synthetic reply
SYN-0912,T-1,1,0,0,26,0,synthetic reply
SYN-0913,T-7,0,0,0,170,1,synthetic reply
SYN-0913,T-2,0,0,1,48,0,synthetic reply
SYN-0913,T-1,0,1,0,22,0,synthetic reply
SYN-0914,T-7,1,1,3,171,0,synthetic reply
SYN-0914,T-2,1,1,2,50,0,synthetic reply
SYN-0914,T-1,1,1,2,24,1,synthetic reply
SYN-0915,T-7,0,0,2,168,0,synthetic reply
SYN-0915,T-2,0,0,3,45,0,synthetic reply
SYN-0915,T-1,0,0,2,25,0,synthetic reply
SYN-0916,T-7,1,0,0,171,0,synthetic reply
SYN-0916,T-2,1,0,0,50,0,synthetic reply
SYN-0916,T-1,1,0,0,21,0,synthetic reply
SYN-0917,T-7,1,0,1,165,0,synthetic reply
SYN-0917,T-2,1,0,2,51,0,synthetic reply
SYN-0917,T-1,1,1,1,23,1,synthetic reply
SYN-0918,T-7,1,1,1,166,1,synthetic reply
SYN-0918,T-2,1,1,1,51,1,synthetic reply
SYN-0918,T-1,1,1,1,28,1,synthetic reply
SYN-0919,T-7,1,1,0,164,0,synthetic reply
SYN-0919,T-2,1,1,0,45,0,synthetic reply
SYN-0919,T-1,1,1,1,28,1,synthetic reply
SYN-0920,T-7,1,0,1,170,0,synthetic reply
SYN-0920,T-2,1,0,0,44,0,synthetic reply
SYN-0920,T-1,1,0,0,24,0,synthetic reply
SYN-0921,T-7,1,1,1,172,0,synthetic reply
SYN-0921,T-2,1,1,2,49,1,synthetic reply
SYN-0921,T-1,1,1,1,23,1,synthetic reply
SYN-0922,T-7,1,0,0,168,0,synthetic reply
SYN-0922,T-2,1,0,1,49,0,synthetic reply
SYN-0922,T-1,1,0,0,25,0,synthetic reply
SYN-0923,T-7,0,0,2,164,0,synthetic reply
SYN-0923,T-2,0,0,2,45,1,synthetic reply
SYN-0923,T-1,0,0,2,22,0,synthetic reply
SYN-0924,T-7,0,1,2,171,1,synthetic reply
SYN-0924,T-2,1,1,1,47,1,synthetic reply
SYN-0924,T-1,1,1,1,28,0,synthetic reply
SYN-0925,T-7,0,0,2,164,0,synthetic reply
SYN-0925,T-2,0,0,1,46,0,synthetic reply
SYN-0925,T-1,0,0,1,22,1,synthetic reply
SYN-0926,T-7,0,1,2,164,1,synthetic reply
SYN-0926,T-2,1,1,2,45,1,synthetic reply
SYN-0926,T-1,1,1,3,26,1,synthetic reply
SYN-0927,T-7,0,0,2,169,0,synthetic reply
SYN-0927,T-2,0,0,2,44,1,synthetic reply
SYN-0927,T-1,0,0,2,21,1,synthetic reply
SYN-0928,T-7,1,1,2,166,0,synthetic reply
SYN-0928,T-2,1,1,2,49,0,synthetic reply
SYN-0928,T-1,1,1,2,28,0,synthetic reply
SYN-0929,T-7,1,1,2,168,0,synthetic reply
SYN-0929,T-2,1,1,2,49,1,synthetic reply
SYN-0929,T-1,1,1,2,24,0,synthetic reply
SYN-0930,T-7,1,0,0,172,0,synthetic reply
SYN-0930,T-2,1,0,1,49,0,synthetic reply
SYN-0930,T-1,1,1,0,21,0,synthetic reply
SYN-0931,T-7,1,1,1,171,1,synthetic reply
SYN-0931,T-2,1,1,1,50,1,synthetic reply
SYN-0931,T-1,1,1,1,21,1,synthetic reply
SYN-0932,T-7,0,1,1,172,0,synthetic reply
SYN-0932,T-2,0,1,1,46,1,synthetic reply
SYN-0932,T-1,0,1,1,28,0,synthetic reply
SYN-0933,T-7,0,1,1,165,0,synthetic reply
SYN-0933,T-2,0,1,1,46,1,synthetic reply
SYN-0933,T-1,0,1,1,24,1,synthetic reply
SYN-0934,T-7,1,0,3,170,0,synthetic reply
SYN-0934,T-2,1,0,2,47,0,synthetic reply
SYN-0934,T-1,1,0,2,26,1,synthetic reply
SYN-0935,T-7,0,0,0,164,0,synthetic reply
SYN-0935,T-2,0,0,1,45,1,synthetic reply
SYN-0935,T-1,0,0,0,27,1,synthetic reply
SYN-0936,T-7,0,1,1,170,1,synthetic reply
SYN-0936,T-2,1,1,2,50,0,synthetic reply
SYN-0936,T-1,1,1,2,27,1,synthetic reply
SYN-0937,T-7,1,0,0,169,0,synthetic reply
SYN-0937,T-2,1,0,0,44,0,synthetic reply
SYN-0937,T-1,1,0,1,23,1,synthetic reply
SYN-0938,T-7,1,1,2,170,0,synthetic reply
SYN-0938,T-2,1,1,2,50,1,synthetic reply
SYN-0938,T-1,1,1,2,22,0,synthetic reply
SYN-0939,T-7,0,0,0,164,0,synthetic reply
SYN-0939,T-2,0,0,0,47,0,synthetic reply
SYN-0939,T-1,0,0,0,28,0,synthetic reply
SYN-0940,T-7,1,0,2,172,0,synthetic reply
SYN-0940,T-2,1,0,2,51,0,synthetic reply
SYN-0940,T-1,1,0,2,24,0,synthetic reply
SYN-0941,T-7,0,0,0,167,1,synthetic reply
SYN-0941,T-2,0,0,0,51,0,synthetic reply
SYN-0941,T-1,0,0,0,26,0,synthetic reply
SYN-0942,T-7,1,0,1,164,1,synthetic reply
SYN-0942,T-2,1,1,1,45,0,synthetic reply
SYN-0942,T-1,1,1,2,28,1,synthetic reply
SYN-0943,T-7,0,0,2,169,0,synthetic reply
SYN-0943,T-2,0,0,2,45,1,synthetic reply
SYN-0943,T-1,0,0,2,21,0,synthetic reply
SYN-0944,T-7,0,0,2,169,0,synthetic reply
SYN-0944,T-2,0,0,2,48,0,synthetic reply
SYN-0944,T-1,1,0,2,26,0,synthetic reply
SYN-0945,T-7,1,0,0,172,0,synthetic reply
SYN-0945,T-2,1,0,0,49,1,synthetic reply
SYN-0945,T-1,1,0,0,20,0,synthetic reply
SYN-0946,T-7,0,1,1,172,0,synthetic reply
SYN-0946,T-2,0,1,1,45,0,synthetic reply
SYN-0946,T-1,1,1,1,22,0,synthetic reply
SYN-0947,T-7,0,0,0,169,0,synthetic reply
SYN-0947,T-2,0,0,0,48,0,synthetic reply
SYN-0947,T-1,0,0,0,21,1,synthetic reply
SYN-0948,T-7,0,0,2,172,0,synthetic reply
SYN-0948,T-2,0,0,2,48,0,synthetic reply
SYN-0948,T-1,0,0,2,23,0,synthetic reply
SYN-0949,T-7,0,0,1,170,0,synthetic reply
SYN-0949,T-2,0,0,1,50,0,synthetic reply
SYN-0949,T-1,0,0,1,22,0,synthetic reply
SYN-0950,T-7,0,0,0,165,0,synthetic reply
SYN-0950,T-2,0,0,0,49,0,synthetic reply
SYN-0950,T-1,0,0,1,21,0,synthetic reply
SYN-0951,T-7,0,0,0,170,0,synthetic reply
SYN-0951,T-2,0,0,1,47,0,synthetic reply
SYN-0951,T-1,0,0,0,22,1,synthetic reply
SYN-0952,T-7,0,0,2,167,1,synthetic reply
SYN-0952,T-2,1,0,2,45,1,synthetic reply
SYN-0952,T-1,1,0,2,21,0,synthetic reply
SYN-0953,T-7,0,0,1,170,0,synthetic reply
SYN-0953,T-2,1,0,0,49,1,synthetic reply
SYN-0953,T-1,1,0,1,21,0,synthetic reply
SYN-0954,T-7,1,1,0,169,0,synthetic reply
SYN-0954,T-2,1,1,0,46,0,synthetic reply
SYN-0954,T-1,1,1,0,21,0,synthetic reply
SYN-0955,T-7,0,1,0,169,1,synthetic reply
SYN-0955,T-2,0,1,0,50,1,synthetic reply
SYN-0955,T-1,0,1,0,28,0,synthetic reply
SYN-0956,T-7,0,0,1,172,0,synthetic reply
SYN-0956,T-2,0,0,0,50,1,synthetic reply
SYN-0956,T-1,1,0,0,21,0,synthetic reply
SYN-0957,T-7,1,0,1,169,0,synthetic reply
SYN-0957,T-2,1,0,2,46,1,synthetic reply
SYN-0957,T-1,1,0,2,27,1,synthetic reply
SYN-0958,T-7,0,0,2,171,1,synthetic reply
SYN-0958,T-2,0,0,2,44,0,synthetic reply
SYN-0958,T-1,0,0,1,22,0,synthetic reply
SYN-0959,T-7,1,0,0,169,0,synthetic reply
SYN-0959,T-2,1,0,0,51,1,synthetic reply
SYN-0959,T-1,1,0,1,24,0,synthetic reply
SYN-0960,T-7,1,1,0,165,1,synthetic reply
SYN-0960,T-2,1,1,0,44,0,synthetic reply
SYN-0960,T-1,1,1,0,28,1,synthetic reply
SYN-0961,T-7,0,0,1,166,0,synthetic reply
SYN-0961,T-2,0,0,0,48,1,synthetic reply
SYN-0961,T-1,0,0,0,20,1,synthetic reply
SYN-0962,T-7,1,0,0,166,0,synthetic reply
SYN-0962,T-2,1,0,0,52,1,synthetic reply
SYN-0962,T-1,1,1,0,20,0,synthetic reply
SYN-0963,T-7,0,0,0,171,1,synthetic reply
SYN-0963,T-2,0,0,0,50,1,synthetic reply
SYN-0963,T-1,0,0,0,27,0,synthetic reply
SYN-0964,T-7,0,1,0,170,0,synthetic reply
SYN-0964,T-2,0,1,0,52,1,synthetic reply
SYN-0964,T-1,0,1,0,28,0,synthetic reply
SYN-0965,T-7,1,0,0,170,0,synthetic reply
SYN-0965,T-2,1,1,0,48,0,synthetic reply
SYN-0965,T-1,1,1,0,28,0,synthetic reply
SYN-0966,T-7,0,0,1,165,0,synthetic reply
SYN-0966,T-2,0,1,2,46,0,synthetic reply
SYN-0966,T-1,0,1,1,20,1,synthetic reply
SYN-0967,T-7,1,0,0,166,0,synthetic reply
SYN-0967,T-2,1,0,0,50,0,synthetic reply
SYN-0967,T-1,1,0,0,20,1,synthetic reply
SYN-0968,T-7,0,1,1,164,0,synthetic reply
SYN-0968,T-2,1,1,1,45,0,synthetic reply
SYN-0968,T-1,1,1,2,23,0,synthetic reply
SYN-0969,T-7,0,0,0,167,1,synthetic reply
SYN-0969,T-2,0,0,0,45,0,synthetic reply
SYN-0969,T-1,0,0,1,21,1,synthetic reply
SYN-0970,T-7,0,1,0,166,0,synthetic reply
SYN-0970,T-2,0,1,0,52,0,synthetic reply
SYN-0970,T-1,0,1,1,24,1,synthetic reply
SYN-0971,T-7,1,1,2,168,0,synthetic reply
SYN-0971,T-2,1,1,2,45,1,synthetic reply
SYN-0971,T-1,1,1,3,26,0,synthetic reply
SYN-0972,T-7,1,0,0,165,0,synthetic reply
SYN-0972,T-2,1,0,0,44,0,synthetic reply
SYN-0972,T-1,1,0,0,28,0,synthetic reply
SYN-0973,T-7,1,1,2,167,0,synthetic reply
SYN-0973,T-2,1,1,3,48,0,synthetic reply
SYN-0973,T-1,1,1,2,27,1,synthetic reply
SYN-0974,T-7,0,0,1,168,0,synthetic reply
SYN-0974,T-2,0,0,1,52,0,synthetic reply
SYN-0974,T-1,0,0,2,20,0,synthetic reply
SYN-0975,T-7,0,0,0,170,0,synthetic reply
SYN-0975,T-2,0,0,0,49,0,synthetic reply
SYN-0975,T-1,0,0,0,22,0,synthetic reply
SYN-0976,T-7,0,0,0,169,0,synthetic reply
SYN-0976,T-2,1,0,0,46,0,synthetic reply
SYN-0976,T-1,1,0,0,21,0,synthetic reply
SYN-0977,T-7,0,0,2,168,0,synthetic reply
SYN-0977,T-2,0,0,2,51,0,synthetic reply
SYN-0977,T-1,0,0,3,22,0,synthetic reply
SYN-0978,T-7,0,1,1,169,1,synthetic reply
SYN-0978,T-2,0,1,1,47,1,synthetic reply
SYN-0978,T-1,0,1,1,26,0,synthetic reply
SYN-0979,T-7,0,0,2,166,0,synthetic reply
SYN-0979,T-2,0,0,2,45,0,synthetic reply
SYN-0979,T-1,0,0,3,23,0,synthetic reply
SYN-0980,T-7,1,1,2,168,1,synthetic reply
SYN-0980,T-2,1,1,2,52,0,synthetic reply
SYN-0980,T-1,1,1,2,22,0,synthetic reply
SYN-0981,T-7,0,0,1,165,0,synthetic reply
SYN-0981,T-2,0,0,1,45,1,synthetic reply
SYN-0981,T-1,0,0,1,24,1,synthetic reply
SYN-0982,T-7,1,0,1,168,0,synthetic reply
SYN-0982,T-2,1,0,1,50,0,synthetic reply
SYN-0982,T-1,1,0,0,21,0,synthetic reply
SYN-0983,T-7,0,0,1,164,0,synthetic reply
SYN-0983,T-2,0,0,1,45,0,synthetic reply
SYN-0983,T-1,0,0,1,20,0,synthetic reply
SYN-0984,T-7,1,0,0,164,0,synthetic reply
SYN-0984,T-2,1,0,0,46,0,synthetic reply
SYN-0984,T-1,1,0,0,21,0,synthetic reply
SYN-0985,T-7,1,0,2,164,0,synthetic reply
SYN-0985,T-2,1,0,2,49,0,synthetic reply
SYN-0985,T-1,1,0,2,21,0,synthetic reply
SYN-0986,T-7,1,0,2,171,0,synthetic reply
SYN-0986,T-2,1,0,2,49,0,synthetic reply
SYN-0986,T-1,1,0,2,22,0,synthetic reply
SYN-0987,T-7,0,0,2,171,1,synthetic reply
SYN-0987,T-2,0,0,3,44,1,synthetic reply
SYN-0987,T-1,0,0,2,20,1,synthetic reply
SYN-0988,T-7,1,1,1,172,0,synthetic reply
SYN-0988,T-2,1,1,2,47,0,synthetic reply
SYN-0988,T-1,1,1,1,24,0,synthetic reply
SYN-0989,T-7,1,0,2,165,0,synthetic reply
SYN-0989,T-2,1,0,2,44,0,synthetic reply
SYN-0989,T-1,1,0,2,24,0,synthetic reply
SYN-0990,T-7,0,0,0,172,0,synthetic reply
SYN-0990,T-2,0,1,0,46,1,synthetic reply
SYN-0990,T-1,1,1,0,24,0,synthetic reply
SYN-0991,T-7,1,1,2,172,0,synthetic reply
SYN-0991,T-2,1,1,1,50,0,synthetic reply
SYN-0991,T-1,1,1,1,25,0,synthetic reply
SYN-0992,T-7,1,0,2,164,0,synthetic reply
SYN-0992,T-2,1,0,2,44,1,synthetic reply
SYN-0992,T-1,1,0,2,27,0,synthetic reply
SYN-0993,T-7,0,0,1,171,0,synthetic reply
SYN-0993,T-2,1,1,1,52,1,synthetic reply
SYN-0993,T-1,1,1,1,22,0,synthetic reply
SYN-0994,T-7,0,0,2,171,1,synthetic reply
SYN-0994,T-2,0,0,2,46,0,synthetic reply
SYN-0994,T-1,0,0,2,27,0,synthetic reply
SYN-0995,T-7,1,0,1,172,1,synthetic reply
SYN-0995,T-2,1,0,1,47,0,synthetic reply
SYN-0995,T-1,1,0,1,22,0,synthetic reply
SYN-0996,T-7,1,0,0,169,0,synthetic reply
SYN-0996,T-2,1,0,1,50,0,synthetic reply
SYN-0996,T-1,1,0,0,28,0,synthetic reply
SYN-0997,T-7,0,0,2,167,0,synthetic reply
SYN-0997,T-2,0,0,2,48,0,synthetic reply
SYN-0997,T-1,0,0,2,23,1,synthetic reply
SYN-0998,T-7,1,1,2,170,0,synthetic reply
SYN-0998,T-2,1,1,3,49,1,synthetic reply
SYN-0998,T-1,1,1,2,21,0,synthetic reply
SYN-0999,T-7,0,0,1,168,0,synthetic reply
SYN-0999,T-2,0,0,1,51,1,synthetic reply
SYN-0999,T-1,0,0,1,24,0,synthetic reply
SYN-1000,T-7,0,0,0,172,1,synthetic reply
SYN-1000,T-2,0,0,0,45,0,synthetic reply
SYN-1000,T-1,1,0,0,22,0,synthetic reply
SYN-1001,T-7,0,0,2,171,1,synthetic reply
SYN-1001,T-2,0,0,2,50,0,synthetic reply
SYN-1001,T-1,0,0,2,23,1,synthetic reply
SYN-1002,T-7,0,1,1,166,0,synthetic reply
SYN-1002,T-2,0,1,1,52,1,synthetic reply
SYN-1002,T-1,0,1,1,20,1,synthetic reply
SYN-1003,T-7,0,1,0,168,1,synthetic reply
SYN-1003,T-2,1,1,0,47,0,synthetic reply
SYN-1003,T-1,1,1,0,21,0,synthetic reply
SYN-1004,T-7,1,0,2,167,0,synthetic reply
SYN-1004,T-2,1,0,2,50,0,synthetic reply
SYN-1004,T-1,1,0,2,21,1,synthetic reply
SYN-1005,T-7,0,1,3,164,0,synthetic reply
SYN-1005,T-2,1,1,2,50,0,synthetic reply
SYN-1005,T-1,1,1,2,21,1,synthetic reply
SYN-1006,T-7,1,0,2,166,1,synthetic reply
SYN-1006,T-2,1,0,3,44,0,synthetic reply
SYN-1006,T-1,1,0,2,22,0,synthetic reply
SYN-1007,T-7,0,1,2,165,0,synthetic reply
SYN-1007,T-2,0,1,2,45,0,synthetic reply
SYN-1007,T-1,0,1,1,26,0,synthetic reply
SYN-1008,T-7,0,0,0,164,0,synthetic reply
SYN-1008,T-2,0,0,0,47,0,synthetic reply
SYN-1008,T-1,0,0,1,22,1,synthetic reply
SYN-1009,T-7,0,1,0,172,0,synthetic reply
SYN-1009,T-2,1,1,0,48,1,synthetic reply
SYN-1009,T-1,1,1,1,20,0,synthetic reply
SYN-1010,T-7,0,0,0,164,1,synthetic reply
SYN-1010,T-2,0,0,1,51,0,synthetic reply
SYN-1010,T-1,0,0,0,23,0,synthetic reply
SYN-1011,T-7,1,1,2,165,0,synthetic reply
SYN-1011,T-2,1,1,2,45,0,synthetic reply
SYN-1011,T-1,1,1,3,24,1,synthetic reply
SYN-1012,T-7,1,0,3,171,0,synthetic reply
SYN-1012,T-2,1,0,2,48,1,synthetic reply
SYN-1012,T-1,1,0,3,26,0,synthetic reply
SYN-1013,T-7,1,1,1,172,0,synthetic reply
SYN-1013,T-2,1,1,0,48,0,synthetic reply
SYN-1013,T-1,1,1,0,25,1,synthetic reply
SYN-1014,T-7,0,1,1,164,1,synthetic reply
SYN-1014,T-2,0,1,0,47,1,synthetic reply
SYN-1014,T-1,0,1,0,23,1,synthetic reply
SYN-1015,T-7,1,0,0,169,0,synthetic reply
SYN-1015,T-2,1,0,0,50,0,synthetic reply
SYN-1015,T-1,1,0,0,26,0,synthetic reply
SYN-1016,T-7,1,0,3,164,1,synthetic reply
SYN-1016,T-2,1,0,2,46,0,synthetic reply
SYN-1016,T-1,1,0,2,27,0,synthetic reply
SYN-1017,T-7,0,0,2,167,1,synthetic reply
SYN-1017,T-2,0,0,2,46,0,synthetic reply
SYN-1017,T-1,0,0,2,24,1,synthetic reply
SYN-1018,T-7,0,0,1,167,1,synthetic reply
SYN-1018,T-2,0,0,1,47,0,synthetic reply
SYN-1018,T-1,0,0,1,22,0,synthetic reply
SYN-1019,T-7,0,1,1,171,0,synthetic reply
SYN-1019,T-2,0,1,2,44,0,synthetic reply
SYN-1019,T-1,0,1,1,25,0,synthetic reply
SYN-1020,T-7,1,0,0,166,0,synthetic reply
SYN-1020,T-2,1,0,0,52,0,synthetic reply
SYN-1020,T-1,1,0,0,26,0,synthetic reply
SYN-1021,T-7,0,1,2,165,0,synthetic reply
SYN-1021,T-2,1,1,2,44,1,synthetic reply
SYN-1021,T-1,1,1,2,25,0,synthetic reply
SYN-1022,T-7,0,0,1,169,0,synthetic reply
SYN-1022,T-2,0,0,1,50,0,synthetic reply
SYN-1022,T-1,0,0,1,26,0,synthetic reply
SYN-1023,T-7,1,0,0,167,0,synthetic reply
SYN-1023,T-2,1,0,0,49,0,synthetic reply
SYN-1023,T-1,1,0,0,25,0,synthetic reply
SYN-1024,T-7,0,0,1,171,0,synthetic reply
SYN-1024,T-2,0,0,1,52,0,synthetic reply
SYN-1024,T-1,0,0,1,27,0,synthetic reply
SYN-1025,T-7,0,0,2,170,0,synthetic reply
SYN-1025,T-2,0,0,2,52,1,synthetic reply
SYN-1025,T-1,0,0,2,21,0,synthetic reply
SYN-1026,T-7,0,0,1,170,0,synthetic reply
SYN-1026,T-2,0,0,1,52,1,synthetic reply
SYN-1026,T-1,0,1,2,23,1,synthetic reply
SYN-1027,T-7,0,1,0,166,0,synthetic reply
SYN-1027,T-2,0,1,1,45,1,synthetic reply
SYN-1027,T-1,0,1,0,21,1,synthetic reply
SYN-1028,T-7,0,1,0,167,0,synthetic reply
SYN-1028,T-2,0,1,0,46,1,synthetic reply
SYN-1028,T-1,0,1,0,23,1,synthetic reply
SYN-1029,T-7,0,0,1,165,0,synthetic reply
SYN-1029,T-2,0,1,1,45,0,synthetic reply
SYN-1029,T-1,1,1,1,22,0,synthetic reply
SYN-1030,T-7,0,0,1,167,0,synthetic reply
SYN-1030,T-2,0,0,2,47,1,synthetic reply
SYN-1030,T-1,0,0,1,22,0,synthetic reply
SYN-1031,T-7,0,0,0,164,1,synthetic reply
SYN-1031,T-2,1,0,0,46,0,synthetic reply
SYN-1031,T-1,1,0,1,22,0,synthetic reply
SYN-1032,T-7,1,0,2,166,0,synthetic reply
SYN-1032,T-2,1,0,2,47,0,synthetic reply
SYN-1032,T-1,1,0,2,27,0,synthetic reply
SYN-1033,T-7,0,0,2,172,0,synthetic reply
SYN-1033,T-2,0,0,3,45,1,synthetic reply
SYN-1033,T-1,0,0,2,27,1,synthetic reply
SYN-1034,T-7,0,1,1,165,1,synthetic reply
SYN-1034,T-2,0,1,1,52,1,synthetic reply
SYN-1034,T-1,0,1,0,20,1,synthetic reply
SYN-1035,T-7,0,1,0,171,1,synthetic reply
SYN-1035,T-2,0,1,0,49,0,synthetic reply
SYN-1035,T-1,0,1,0,21,0,synthetic reply
SYN-1036,T-7,0,0,2,168,0,synthetic reply
SYN-1036,T-2,0,0,2,51,1,synthetic reply
SYN-1036,T-1,1,1,2,25,1,synthetic reply
SYN-1037,T-7,1,0,1,170,0,synthetic reply
SYN-1037,T-2,1,0,1,48,0,synthetic reply
SYN-1037,T-1,1,0,2,20,0,synthetic reply
SYN-1038,T-7,0,0,1,169,0,synthetic reply
SYN-1038,T-2,0,0,1,46,0,synthetic reply
SYN-1038,T-1,0,0,2,22,1,synthetic reply
SYN-1039,T-7,0,1,1,165,0,synthetic reply
SYN-1039,T-2,0,1,2,46,0,synthetic reply
SYN-1039,T-1,0,1,2,24,1,synthetic reply
SYN-1040,T-7,0,0,2,169,0,synthetic reply
SYN-1040,T-2,0,0,2,51,1,synthetic reply
SYN-1040,T-1,0,0,2,23,0,synthetic reply
SYN-1041,T-7,1,0,0,168,1,synthetic reply
SYN-1041,T-2,1,0,0,44,0,synthetic reply
SYN-1041,T-1,1,0,0,28,0,synthetic reply
SYN-1042,T-7,0,0,3,166,1,synthetic reply
SYN-1042,T-2,0,0,2,50,0,synthetic reply
SYN-1042,T-1,0,0,2,28,0,synthetic reply
SYN-1043,T-7,0,0,0,164,1,synthetic reply
SYN-1043,T-2,0,0,0,49,0,synthetic reply
SYN-1043,T-1,0,0,0,23,1,synthetic reply
SYN-1044,T-7,1,0,2,167,0,synthetic reply
SYN-1044,T-2,1,0,2,44,1,synthetic reply
SYN-1044,T-1,1,0,2,23,1,synthetic reply
SYN-1045,T-7,1,1,0,172,0,synthetic reply
SYN-1045,T-2,1,1,0,48,0,synthetic reply
SYN-1045,T-1,1,1,0,27,0,synthetic reply
SYN-1046,T-7,0,0,2,170,0,synthetic reply
SYN-1046,T-2,0,1,2,46,1,synthetic reply
SYN-1046,T-1,1,1,2,26,0,synthetic reply
SYN-1047,T-7,0,0,1,164,0,synthetic reply
SYN-1047,T-2,0,0,2,49,1,synthetic reply
SYN-1047,T-1,0,0,1,28,0,synthetic reply
SYN-1048,T-7,1,1,1,164,1,synthetic reply
SYN-1048,T-2,1,1,2,52,1,synthetic reply
SYN-1048,T-1,1,1,1,27,0,synthetic reply
SYN-1049,T-7,0,1,0,169,1,synthetic reply
SYN-1049,T-2,1,1,0,52,1,synthetic reply
SYN-1049,T-1,1,1,0,25,1,synthetic reply
SYN-1050,T-7,1,1,0,165,0,synthetic reply
SYN-1050,T-2,1,1,0,52,0,synthetic reply
SYN-1050,T-1,1,1,0,26,1,synthetic reply
SYN-1051,T-7,1,0,0,169,0,synthetic reply
SYN-1051,T-2,1,0,0,47,0,synthetic reply
SYN-1051,T-1,1,0,0,24,0,synthetic reply
SYN-1052,T-7,0,0,1,171,0,synthetic reply
SYN-1052,T-2,0,0,0,49,0,synthetic reply
SYN-1052,T-1,0,0,0,28,1,synthetic reply
SYN-1053,T-7,0,1,2,171,1,synthetic reply
SYN-1053,T-2,0,1,2,49,0,synthetic reply
SYN-1053,T-1,1,1,2,27,0,synthetic reply
SYN-1054,T-7,0,1,2,171,1,synthetic reply
SYN-1054,T-2,0,1,2,48,1,synthetic reply
SYN-1054,T-1,0,1,2,24,1,synthetic reply
SYN-1055,T-7,0,0,2,164,1,synthetic reply
SYN-1055,T-2,0,0,2,52,0,synthetic reply
SYN-1055,T-1,0,1,2,23,1,synthetic reply
SYN-1056,T-7,0,0,1,164,0,synthetic reply
SYN-1056,T-2,0,0,0,49,0,synthetic reply
SYN-1056,T-1,0,0,1,28,0,synthetic reply
SYN-1057,T-7,1,1,1,171,0,synthetic reply
SYN-1057,T-2,1,1,1,47,0,synthetic reply
SYN-1057,T-1,1,1,1,27,1,synthetic reply
SYN-1058,T-7,0,1,1,166,0,synthetic reply
SYN-1058,T-2,0,1,2,49,1,synthetic reply
SYN-1058,T-1,0,1,1,26,1,synthetic reply
SYN-1059,T-7,1,0,0,167,0,synthetic reply
SYN-1059,T-2,1,0,0,52,0,synthetic reply
SYN-1059,T-1,1,0,0,23,0,synthetic reply
SYN-1060,T-7,1,0,2,169,0,synthetic reply
SYN-1060,T-2,1,0,2,46,0,synthetic reply
SYN-1060,T-1,1,0,3,24,0,synthetic reply
SYN-1061,T-7,0,0,1,166,0,synthetic reply
SYN-1061,T-2,0,0,1,50,0,synthetic reply
SYN-1061,T-1,0,0,1,22,0,synthetic reply
SYN-1062,T-7,1,0,0,167,0,synthetic reply
SYN-1062,T-2,1,0,0,49,0,synthetic reply
SYN-1062,T-1,1,0,1,20,1,synthetic reply
SYN-1063,T-7,0,1,1,171,0,synthetic reply
SYN-1063,T-2,0,1,0,51,1,synthetic reply
SYN-1063,T-1,0,1,0,21,1,synthetic reply
SYN-1064,T-7,1,0,1,169,0,synthetic reply
SYN-1064,T-2,1,0,1,44,1,synthetic reply
SYN-1064,T-1,1,0,2,23,0,synthetic reply
SYN-1065,T-7,1,0,1,166,0,synthetic reply
SYN-1065,T-2,1,1,1,52,1,synthetic reply
SYN-1065,T-1,1,1,2,28,1,synthetic reply
SYN-1066,T-7,0,0,1,167,0,synthetic reply
SYN-1066,T-2,0,0,1,46,0,synthetic reply
SYN-1066,T-1,0,0,1,23,0,synthetic reply
SYN-1067,T-7,0,0,0,168,0,synthetic reply
SYN-1067,T-2,0,0,0,51,1,synthetic reply
SYN-1067,T-1,0,0,0,23,0,synthetic reply
SYN-1068,T-7,1,1,2,166,0,synthetic reply
SYN-1068,T-2,1,1,3,50,0,synthetic reply
SYN-1068,T-1,1,1,3,22,1,synthetic reply
SYN-1069,T-7,0,0,2,167,1,synthetic reply
SYN-1069,T-2,0,0,3,48,1,synthetic reply
SYN-1069,T-1,0,0,3,21,0,synthetic reply
SYN-1070,T-7,1,0,0,165,0,synthetic reply
SYN-1070,T-2,1,0,0,49,0,synthetic reply
SYN-1070,T-1,1,0,1,20,0,synthetic reply
SYN-1071,T-7,0,0,2,167,0,synthetic reply
SYN-1071,T-2,0,0,2,47,1,synthetic reply
SYN-1071,T-1,0,0,2,24,0,synthetic reply
SYN-1072,T-7,0,0,2,169,1,synthetic reply
SYN-1072,T-2,1,0,2,46,0,synthetic reply
SYN-1072,T-1,1,0,2,23,0,synthetic reply
SYN-1073,T-7,1,0,1,165,1,synthetic reply
SYN-1073,T-2,1,0,2,46,0,synthetic reply
SYN-1073,T-1,1,0,1,27,1,synthetic reply
SYN-1074,T-7,0,1,1,164,0,synthetic reply
SYN-1074,T-2,1,1,1,44,1,synthetic reply
SYN-1074,T-1,1,1,2,27,0,synthetic reply
SYN-1075,T-7,0,0,2,169,1,synthetic reply
SYN-1075,T-2,1,0,2,50,1,synthetic reply
SYN-1075,T-1,1,0,2,23,0,synthetic reply
SYN-1076,T-7,0,0,1,171,0,synthetic reply
SYN-1076,T-2,0,0,1,46,1,synthetic reply
SYN-1076,T-1,0,1,1,28,0,synthetic reply
SYN-1077,T-7,0,0,1,169,0,synthetic reply
SYN-1077,T-2,0,0,2,46,1,synthetic reply
SYN-1077,T-1,0,0,1,20,1,synthetic reply
SYN-1078,T-7,0,0,1,172,1,synthetic reply
SYN-1078,T-2,1,0,2,49,1,synthetic reply
SYN-1078,T-1,1,0,1,28,0,synthetic reply
SYN-1079,T-7,0,0,3,169,0,synthetic reply
SYN-1079,T-2,0,0,3,51,1,synthetic reply
SYN-1079,T-1,0,0,2,20,1,synthetic reply
SYN-1080,T-7,0,0,0,170,1,synthetic reply
SYN-1080,T-2,0,0,0,52,1,synthetic reply
SYN-1080,T-1,0,0,0,20,1,synthetic reply
SYN-1081,T-7,0,1,1,164,0,synthetic reply
SYN-1081,T-2,0,1,1,51,1,synthetic reply
SYN-1081,T-1,0,1,1,21,1,synthetic reply
SYN-1082,T-7,0,0,1,170,0,synthetic reply
SYN-1082,T-2,0,0,1,52,0,synthetic reply
SYN-1082,T-1,1,0,2,22,0,synthetic reply
SYN-1083,T-7,0,1,0,172,0,synthetic reply
SYN-1083,T-2,0,1,0,46,1,synthetic reply
SYN-1083,T-1,0,1,1,20,0,synthetic reply
SYN-1084,T-7,1,1,1,166,0,synthetic reply
SYN-1084,T-2,1,1,1,48,0,synthetic reply
SYN-1084,T-1,1,1,1,23,0,synthetic reply
SYN-1085,T-7,1,0,2,171,0,synthetic reply
SYN-1085,T-2,1,0,2,52,0,synthetic reply
SYN-1085,T-1,1,0,2,20,0,synthetic reply
SYN-1086,T-7,1,1,0,172,0,synthetic reply
SYN-1086,T-2,1,1,1,48,1,synthetic reply
SYN-1086,T-1,1,1,0,27,0,synthetic reply
SYN-1087,T-7,1,1,1,164,0,synthetic reply
SYN-1087,T-2,1,1,2,45,0,synthetic reply
SYN-1087,T-1,1,1,1,28,0,synthetic reply
SYN-1088,T-7,0,0,1,172,1,synthetic reply
SYN-1088,T-2,0,0,1,45,1,synthetic reply
SYN-1088,T-1,0,0,1,24,1,synthetic reply
SYN-1089,T-7,0,0,0,164,0,synthetic reply
SYN-1089,T-2,0,0,0,52,0,synthetic reply
SYN-1089,T-1,0,0,1,26,1,synthetic reply
SYN-1090,T-7,1,1,0,169,0,synthetic reply
SYN-1090,T-2,1,1,0,47,0,synthetic reply
SYN-1090,T-1,1,1,0,27,0,synthetic reply
SYN-1091,T-7,0,0,0,170,0,synthetic reply
SYN-1091,T-2,1,0,0,44,0,synthetic reply
SYN-1091,T-1,1,0,0,27,0,synthetic reply
SYN-1092,T-7,0,0,1,172,0,synthetic reply
SYN-1092,T-2,0,0,1,48,1,synthetic reply
SYN-1092,T-1,0,0,1,28,0,synthetic reply
SYN-1093,T-7,1,0,0,164,0,synthetic reply
SYN-1093,T-2,1,0,1,50,1,synthetic reply
SYN-1093,T-1,1,1,0,25,1,synthetic reply
SYN-1094,T-7,1,0,0,165,0,synthetic reply
SYN-1094,T-2,1,0,0,47,0,synthetic reply
SYN-1094,T-1,1,0,0,23,0,synthetic reply
SYN-1095,T-7,0,0,1,169,1,synthetic reply
SYN-1095,T-2,0,0,1,47,0,synthetic reply
SYN-1095,T-1,0,1,2,22,1,synthetic reply
SYN-1096,T-7,0,1,2,167,0,synthetic reply
SYN-1096,T-2,0,1,1,51,1,synthetic reply
SYN-1096,T-1,0,1,1,23,1,synthetic reply
SYN-1097,T-7,0,0,3,168,1,synthetic reply
SYN-1097,T-2,0,0,2,46,0,synthetic reply
SYN-1097,T-1,0,0,2,24,0,synthetic reply
SYN-1098,T-7,1,0,2,166,0,synthetic reply
SYN-1098,T-2,1,0,1,52,1,synthetic reply
SYN-1098,T-1,1,0,1,24,0,synthetic reply
SYN-1099,T-7,0,1,0,169,0,synthetic reply
SYN-1099,T-2,0,1,0,48,1,synthetic reply
SYN-1099,T-1,0,1,0,24,1,synthetic reply
SYN-1100,T-7,0,0,1,166,1,synthetic reply
SYN-1100,T-2,0,0,0,45,0,synthetic reply
SYN-1100,T-1,1,0,0,22,0,synthetic reply
SYN-1101,T-7,0,0,2,167,1,synthetic reply
SYN-1101,T-2,0,0,2,49,1,synthetic reply
SYN-1101,T-1,0,0,3,21,0,synthetic reply
SYN-1102,T-7,1,1,2,164,0,synthetic reply
SYN-1102,T-2,1,1,2,45,0,synthetic reply
SYN-1102,T-1,1,1,2,24,0,synthetic reply
SYN-1103,T-7,0,0,0,165,0,synthetic reply
SYN-1103,T-2,0,0,0,52,0,synthetic reply
SYN-1103,T-1,0,0,0,25,0,synthetic reply
SYN-1104,T-7,0,0,2,165,1,synthetic reply
SYN-1104,T-2,0,0,2,52,0,synthetic reply
SYN-1104,T-1,1,0,2,25,1,synthetic reply
SYN-1105,T-7,0,1,1,171,0,synthetic reply
SYN-1105,T-2,0,1,1,49,0,synthetic reply
SYN-1105,T-1,1,1,1,24,0,synthetic reply
SYN-1106,T-7,0,0,2,164,0,synthetic reply
SYN-1106,T-2,1,0,2,51,1,synthetic reply
SYN-1106,T-1,1,0,2,22,1,synthetic reply
SYN-1107,T-7,0,0,0,166,0,synthetic reply
SYN-1107,T-2,0,0,0,48,1,synthetic reply
SYN-1107,T-1,0,0,0,28,1,synthetic reply
SYN-1108,T-7,0,0,0,166,0,synthetic reply
SYN-1108,T-2,0,0,1,52,0,synthetic reply
SYN-1108,T-1,0,0,1,25,1,synthetic reply
SYN-1109,T-7,0,0,1,164,0,synthetic reply
SYN-1109,T-2,1,0,2,48,1,synthetic reply
SYN-1109,T-1,1,1,1,28,0,synthetic reply
SYN-1110,T-7,0,0,1,165,0,synthetic reply
SYN-1110,T-2,0,0,2,52,1,synthetic reply
SYN-1110,T-1,0,0,1,20,0,synthetic reply
SYN-1111,T-7,0,0,0,171,0,synthetic reply
SYN-1111,T-2,0,0,0,49,0,synthetic reply
SYN-1111,T-1,1,0,0,28,0,synthetic reply
SYN-1112,T-7,1,1,1,170,0,synthetic reply
SYN-1112,T-2,1,1,2,49,1,synthetic reply
SYN-1112,T-1,1,1,1,21,0,synthetic reply
SYN-1113,T-7,0,0,2,170,1,synthetic reply
SYN-1113,T-2,0,0,2,52,1,synthetic reply
SYN-1113,T-1,0,1,2,24,0,synthetic reply
SYN-1114,T-7,1,0,0,171,0,synthetic reply
SYN-1114,T-2,1,0,0,49,0,synthetic reply
SYN-1114,T-1,1,0,1,26,1,synthetic reply
SYN-1115,T-7,0,0,1,166,0,synthetic reply
SYN-1115,T-2,0,0,1,49,0,synthetic reply
SYN-1115,T-1,0,1,1,20,0,synthetic reply
SYN-1116,T-7,0,0,1,168,0,synthetic reply
SYN-1116,T-2,0,0,1,52,0,synthetic reply
SYN-1116,T-1,0,0,1,24,0,synthetic reply
SYN-1117,T-7,1,0,1,169,0,synthetic reply
SYN-1117,T-2,1,0,1,47,0,synthetic reply
SYN-1117,T-1,1,0,1,24,0,synthetic reply
SYN-1118,T-7,0,0,0,172,0,synthetic reply
SYN-1118,T-2,0,0,0,46,0,synthetic reply
SYN-1118,T-1,0,0,0,28,1,synthetic reply
SYN-1119,T-7,0,0,0,166,0,synthetic reply
SYN-1119,T-2,0,0,1,52,0,synthetic reply
SYN-1119,T-1,0,0,0,20,0,synthetic reply
SYN-1120,T-7,0,0,1,164,0,synthetic reply
SYN-1120,T-2,1,0,0,50,0,synthetic reply
SYN-1120,T-1,1,0,0,20,0,synthetic reply
SYN-1121,T-7,1,0,0,167,0,synthetic reply
SYN-1121,T-2,1,1,1,51,0,synthetic reply
SYN-1121,T-1,1,1,0,27,0,synthetic reply
SYN-1122,T-7,0,0,2,167,0,synthetic reply
SYN-1122,T-2,1,0,2,44,1,synthetic reply
SYN-1122,T-1,1,0,2,20,0,synthetic reply
SYN-1123,T-7,0,0,1,170,0,synthetic reply
SYN-1123,T-2,0,0,2,44,0,synthetic reply
SYN-1123,T-1,0,0,1,20,0,synthetic reply
SYN-1124,T-7,1,0,0,165,0,synthetic reply
SYN-1124,T-2,1,0,0,47,0,synthetic reply
SYN-1124,T-1,1,0,1,27,1,synthetic reply
SYN-1125,T-7,0,0,2,172,1,synthetic reply
SYN-1125,T-2,0,0,2,52,0,synthetic reply
SYN-1125,T-1,0,0,2,21,0,synthetic reply
SYN-1126,T-7,0,1,3,168,1,synthetic reply
SYN-1126,T-2,0,1,2,45,1,synthetic reply
SYN-1126,T-1,0,1,2,21,1,synthetic reply
SYN-1127,T-7,0,0,2,165,0,synthetic reply
SYN-1127,T-2,1,0,2,48,0,synthetic reply
SYN-1127,T-1,1,0,3,23,0,synthetic reply
SYN-1128,T-7,0,0,2,172,1,synthetic reply
SYN-1128,T-2,0,0,2,49,1,synthetic reply
SYN-1128,T-1,0,0,1,23,0,synthetic reply
SYN-1129,T-7,1,0,1,165,0,synthetic reply
SYN-1129,T-2,1,0,2,44,1,synthetic reply
SYN-1129,T-1,1,1,1,20,1,synthetic reply
SYN-1130,T-7,0,0,0,167,0,synthetic reply
SYN-1130,T-2,0,0,0,51,0,synthetic reply
SYN-1130,T-1,1,0,0,24,0,synthetic reply
SYN-1131,T-7,0,1,2,170,0,synthetic reply
SYN-1131,T-2,0,1,2,49,0,synthetic reply
SYN-1131,T-1,0,1,3,22,1,synthetic reply
SYN-1132,T-7,1,0,2,171,0,synthetic reply
SYN-1132,T-2,1,1,2,45,0,synthetic reply
SYN-1132,T-1,1,1,2,25,0,synthetic reply
SYN-1133,T-7,0,0,1,165,1,synthetic reply
SYN-1133,T-2,0,0,1,45,0,synthetic reply
SYN-1133,T-1,0,0,1,25,1,synthetic reply
SYN-1134,T-7,1,0,0,170,0,synthetic reply
SYN-1134,T-2,1,0,0,47,0,synthetic reply
SYN-1134,T-1,1,0,0,27,0,synthetic reply
SYN-1135,T-7,0,0,1,164,1,synthetic reply
SYN-1135,T-2,1,0,0,49,0,synthetic reply
SYN-1135,T-1,1,0,0,26,1,synthetic reply
SYN-1136,T-7,0,1,1,167,0,synthetic reply
SYN-1136,T-2,0,1,1,51,1,synthetic reply
SYN-1136,T-1,0,1,1,26,1,synthetic reply
SYN-1137,T-7,0,1,2,172,1,synthetic reply
SYN-1137,T-2,0,1,2,47,1,synthetic reply
SYN-1137,T-1,0,1,2,20,1,synthetic reply
SYN-1138,T-7,0,0,3,164,1,synthetic reply
SYN-1138,T-2,0,0,2,44,1,synthetic reply
SYN-1138,T-1,1,0,2,27,0,synthetic reply
SYN-1139,T-7,1,0,2,170,1,synthetic reply
SYN-1139,T-2,1,1,3,50,1,synthetic reply
SYN-1139,T-1,1,1,2,21,1,synthetic reply
SYN-1140,T-7,0,0,1,171,1,synthetic reply
SYN-1140,T-2,0,0,2,52,1,synthetic reply
SYN-1140,T-1,0,0,1,28,0,synthetic reply
SYN-1141,T-7,0,1,1,165,1,synthetic reply
SYN-1141,T-2,0,1,1,44,0,synthetic reply
SYN-1141,T-1,1,1,2,28,1,synthetic reply
SYN-1142,T-7,1,0,1,169,0,synthetic reply
SYN-1142,T-2,1,0,0,45,1,synthetic reply
SYN-1142,T-1,1,0,1,26,0,synthetic reply
SYN-1143,T-7,0,1,1,164,0,synthetic reply
SYN-1143,T-2,0,1,1,48,1,synthetic reply
SYN-1143,T-1,1,1,1,22,0,synthetic reply
SYN-1144,T-7,1,0,3,167,0,synthetic reply
SYN-1144,T-2,1,0,2,50,0,synthetic reply
SYN-1144,T-1,1,0,2,28,0,synthetic reply
SYN-1145,T-7,0,1,1,167,0,synthetic reply
SYN-1145,T-2,0,1,1,49,0,synthetic reply
SYN-1145,T-1,0,1,1,23,0,synthetic reply
SYN-1146,T-7,0,0,1,166,0,synthetic reply
SYN-1146,T-2,0,0,1,51,0,synthetic reply
SYN-1146,T-1,0,0,1,24,0,synthetic reply
SYN-1147,T-7,0,0,1,166,0,synthetic reply
SYN-1147,T-2,0,0,1,47,0,synthetic reply
SYN-1147,T-1,0,0,1,22,0,synthetic reply
SYN-1148,T-7,1,1,1,167,0,synthetic reply
SYN-1148,T-2,1,1,1,50,1,synthetic reply
SYN-1148,T-1,1,1,1,27,0,synthetic reply
SYN-1149,T-7,1,0,0,165,0,synthetic reply
SYN-1149,T-2,1,0,0,47,0,synthetic reply
SYN-1149,T-1,1,0,0,25,0,synthetic reply
SYN-1150,T-7,0,1,2,169,0,synthetic reply
SYN-1150,T-2,0,1,1,52,0,synthetic reply
SYN-1150,T-1,0,1,2,22,0,synthetic reply
SYN-1151,T-7,1,1,1,169,0,synthetic reply
SYN-1151,T-2,1,1,1,50,0,synthetic reply
SYN-1151,T-1,1,1,1,21,1,synthetic reply
SYN-1152,T-7,1,0,2,166,1,synthetic reply
SYN-1152,T-2,1,0,2,51,0,synthetic reply
SYN-1152,T-1,1,0,2,23,1,synthetic reply
SYN-1153,T-7,0,1,3,170,1,synthetic reply
SYN-1153,T-2,0,1,2,50,1,synthetic reply
SYN-1153,T-1,0,1,3,27,0,synthetic reply
SYN-1154,T-7,0,0,2,170,0,synthetic reply
SYN-1154,T-2,0,0,1,52,0,synthetic reply
SYN-1154,T-1,1,0,1,22,0,synthetic reply
SYN-1155,T-7,1,0,2,172,0,synthetic reply
SYN-1155,T-2,1,0,2,47,1,synthetic reply
SYN-1155,T-1,1,0,2,23,0,synthetic reply
SYN-1156,T-7,1,0,2,170,0,synthetic reply
SYN-1156,T-2,1,0,2,51,0,synthetic reply
SYN-1156,T-1,1,0,3,23,1,synthetic reply
SYN-1157,T-7,1,1,2,167,0,synthetic reply
SYN-1157,T-2,1,1,2,44,0,synthetic reply
SYN-1157,T-1,1,1,3,24,1,synthetic reply
SYN-1158,T-7,1,1,1,170,0,synthetic reply
SYN-1158,T-2,1,1,0,45,0,synthetic reply
SYN-1158,T-1,1,1,1,27,0,synthetic reply
SYN-1159,T-7,1,1,1,172,1,synthetic reply
SYN-1159,T-2,1,1,1,48,1,synthetic reply
SYN-1159,T-1,1,1,1,23,0,synthetic reply
SYN-1160,T-7,1,1,2,169,0,synthetic reply
SYN-1160,T-2,1,1,3,45,1,synthetic reply
SYN-1160,T-1,1,1,2,28,0,synthetic reply
SYN-1161,T-7,1,0,2,165,0,synthetic reply
SYN-1161,T-2,1,0,2,44,0,synthetic reply
SYN-1161,T-1,1,0,2,26,1,synthetic reply
SYN-1162,T-7,0,1,2,165,0,synthetic reply
SYN-1162,T-2,0,1,2,46,1,synthetic reply
SYN-1162,T-1,0,1,2,25,1,synthetic reply
SYN-1163,T-7,1,1,2,171,1,synthetic reply
SYN-1163,T-2,1,1,3,52,0,synthetic reply
SYN-1163,T-1,1,1,2,23,0,synthetic reply
SYN-1164,T-7,0,0,2,169,0,synthetic reply
SYN-1164,T-2,0,0,2,51,0,synthetic reply
SYN-1164,T-1,0,0,3,23,1,synthetic reply
SYN-1165,T-7,0,0,1,169,0,synthetic reply
SYN-1165,T-2,1,0,1,45,0,synthetic reply
SYN-1165,T-1,1,0,1,20,0,synthetic reply
SYN-1166,T-7,1,0,2,172,0,synthetic reply
SYN-1166,T-2,1,0,2,46,0,synthetic reply
SYN-1166,T-1,1,1,2,28,1,synthetic reply
SYN-1167,T-7,0,0,2,164,1,synthetic reply
SYN-1167,T-2,0,0,2,46,0,synthetic reply
SYN-1167,T-1,0,0,2,20,0,synthetic reply
SYN-1168,T-7,0,0,0,170,0,synthetic reply
SYN-1168,T-2,0,0,1,51,0,synthetic reply
SYN-1168,T-1,0,1,0,24,1,synthetic reply
SYN-1169,T-7,0,0,1,171,0,synthetic reply
SYN-1169,T-2,0,0,1,45,0,synthetic reply
SYN-1169,T-1,0,0,1,23,0,synthetic reply
SYN-1170,T-7,1,1,1,169,0,synthetic reply
SYN-1170,T-2,1,1,1,52,1,synthetic reply
SYN-1170,T-1,1,1,1,27,1,synthetic reply
SYN-1171,T-7,0,0,0,167,0,synthetic reply
SYN-1171,T-2,0,0,0,52,1,synthetic reply
SYN-1171,T-1,1,1,0,27,1,synthetic reply
SYN-1172,T-7,1,1,1,167,0,synthetic reply
SYN-1172,T-2,1,1,1,45,1,synthetic reply
SYN-1172,T-1,1,1,1,25,1,synthetic reply
SYN-1173,T-7,0,0,1,165,1,synthetic reply
SYN-1173,T-2,0,0,1,51,0,synthetic reply
SYN-1173,T-1,0,0,1,24,0,synthetic reply
SYN-1174,T-7,0,0,0,168,0,synthetic reply
SYN-1174,T-2,0,0,0,47,1,synthetic reply
SYN-1174,T-1,0,1,0,21,0,synthetic reply
SYN-1175,T-7,1,0,2,172,1,synthetic reply
SYN-1175,T-2,1,0,2,49,1,synthetic reply
SYN-1175,T-1,1,0,2,23,1,synthetic reply
SYN-1176,T-7,0,1,1,171,1,synthetic reply
SYN-1176,T-2,1,1,1,48,1,synthetic reply
SYN-1176,T-1,1,1,1,21,0,synthetic reply
SYN-1177,T-7,1,0,1,168,0,synthetic reply
SYN-1177,T-2,1,0,1,50,0,synthetic reply
SYN-1177,T-1,1,0,1,25,0,synthetic reply
SYN-1178,T-7,1,0,0,166,0,synthetic reply
SYN-1178,T-2,1,0,1,47,0,synthetic reply
SYN-1178,T-1,1,0,0,28,0,synthetic reply
SYN-1179,T-7,0,0,2,169,0,synthetic reply
SYN-1179,T-2,0,0,2,50,1,synthetic reply
SYN-1179,T-1,0,0,2,21,1,synthetic reply
SYN-1180,T-7,1,0,2,167,0,synthetic reply
SYN-1180,T-2,1,0,1,52,0,synthetic reply
SYN-1180,T-1,1,1,1,22,1,synthetic reply
SYN-1181,T-7,0,0,1,170,0,synthetic reply
SYN-1181,T-2,0,0,0,46,1,synthetic reply
SYN-1181,T-1,0,0,0,21,0,synthetic reply
SYN-1182,T-7,0,1,2,166,1,synthetic reply
SYN-1182,T-2,0,1,2,45,1,synthetic reply
SYN-1182,T-1,1,1,2,23,1,synthetic reply
SYN-1183,T-7,0,1,1,172,0,synthetic reply
SYN-1183,T-2,1,1,1,45,0,synthetic reply
SYN-1183,T-1,1,1,1,26,0,synthetic reply
SYN-1184,T-7,1,0,1,166,0,synthetic reply
SYN-1184,T-2,1,0,1,46,0,synthetic reply
SYN-1184,T-1,1,0,2,24,1,synthetic reply
SYN-1185,T-7,0,1,1,170,0,synthetic reply
SYN-1185,T-2,1,1,1,44,1,synthetic reply
SYN-1185,T-1,1,1,0,25,1,synthetic reply
SYN-1186,T-7,1,0,2,167,1,synthetic reply
SYN-1186,T-2,1,0,3,50,0,synthetic reply
SYN-1186,T-1,1,0,2,20,0,synthetic reply
SYN-1187,T-7,0,1,2,171,0,synthetic reply
SYN-1187,T-2,0,1,2,46,0,synthetic reply
SYN-1187,T-1,0,1,2,28,1,synthetic reply
SYN-1188,T-7,0,0,1,172,0,synthetic reply
SYN-1188,T-2,0,0,1,50,1,synthetic reply
SYN-1188,T-1,0,0,1,26,1,synthetic reply
SYN-1189,T-7,0,0,0,166,0,synthetic reply
SYN-1189,T-2,1,0,0,44,0,synthetic reply
SYN-1189,T-1,1,0,0,27,0,synthetic reply
SYN-1190,T-7,0,1,1,165,1,synthetic reply
SYN-1190,T-2,1,1,1,51,0,synthetic reply
SYN-1190,T-1,1,1,1,27,0,synthetic reply
SYN-1191,T-7,0,0,0,169,0,synthetic reply
SYN-1191,T-2,0,0,1,46,0,synthetic reply
SYN-1191,T-1,1,0,1,21,0,synthetic reply
SYN-1192,T-7,0,1,1,167,0,synthetic reply
SYN-1192,T-2,0,1,1,51,1,synthetic reply
SYN-1192,T-1,0,1,1,23,1,synthetic reply
SYN-1193,T-7,0,0,0,166,0,synthetic reply
SYN-1193,T-2,0,0,0,46,0,synthetic reply
SYN-1193,T-1,1,0,0,22,1,synthetic reply
SYN-1194,T-7,1,0,0,165,0,synthetic reply
SYN-1194,T-2,1,0,0,49,0,synthetic reply
SYN-1194,T-1,1,0,0,27,1,synthetic reply
SYN-1195,T-7,1,1,2,170,1,synthetic reply
SYN-1195,T-2,1,1,2,50,0,synthetic reply
SYN-1195,T-1,1,1,3,20,1,synthetic reply
SYN-1196,T-7,0,0,2,164,0,synthetic reply
SYN-1196,T-2,1,0,2,45,0,synthetic reply
SYN-1196,T-1,1,0,2,23,0,synthetic reply
SYN-1197,T-7,1,0,3,170,0,synthetic reply
SYN-1197,T-2,1,0,2,48,0,synthetic reply
SYN-1197,T-1,1,0,2,26,0,synthetic reply
SYN-1198,T-7,0,0,2,170,0,synthetic reply
SYN-1198,T-2,0,0,2,49,0,synthetic reply
SYN-1198,T-1,0,0,1,22,1,synthetic reply
SYN-1199,T-7,0,1,1,172,1,synthetic reply
SYN-1199,T-2,1,1,1,47,1,synthetic reply
SYN-1199,T-1,1,1,1,21,0,synthetic reply
SYN-1200,T-7,1,0,2,164,0,synthetic reply
SYN-1200,T-2,1,0,2,45,0,synthetic reply
SYN-1200,T-1,1,0,2,27,0,synthetic reply
SYN-1201,T-7,0,0,0,169,1,synthetic reply
SYN-1201,T-2,0,0,0,44,0,synthetic reply
SYN-1201,T-1,1,0,0,21,0,synthetic reply
SYN-1202,T-7,0,0,0,168,0,synthetic reply
SYN-1202,T-2,0,0,1,48,1,synthetic reply
SYN-1202,T-1,1,0,1,20,1,synthetic reply
SYN-1203,T-7,0,0,0,165,0,synthetic reply
SYN-1203,T-2,0,0,0,49,0,synthetic reply
SYN-1203,T-1,1,0,0,25,0,synthetic reply
SYN-1204,T-7,0,1,1,164,0,synthetic reply
SYN-1204,T-2,0,1,1,52,1,synthetic reply
SYN-1204,T-1,0,1,1,23,0,synthetic reply
SYN-1205,T-7,1,1,2,171,0,synthetic reply
SYN-1205,T-2,1,1,2,46,1,synthetic reply
SYN-1205,T-1,1,1,2,23,1,synthetic reply
SYN-1206,T-7,1,1,0,172,0,synthetic reply
SYN-1206,T-2,1,1,0,48,0,synthetic reply
SYN-1206,T-1,1,1,1,20,0,synthetic reply
SYN-1207,T-7,0,0,2,164,1,synthetic reply
SYN-1207,T-2,0,0,2,47,1,synthetic reply
SYN-1207,T-1,0,0,2,23,1,synthetic reply
SYN-1208,T-7,1,1,2,171,0,synthetic reply
SYN-1208,T-2,1,1,2,45,0,synthetic reply
SYN-1208,T-1,1,1,2,25,0,synthetic reply
SYN-1209,T-7,0,1,1,166,0,synthetic reply
SYN-1209,T-2,0,1,1,48,0,synthetic reply
SYN-1209,T-1,0,1,0,27,1,synthetic reply
SYN-1210,T-7,1,0,1,168,0,synthetic reply
SYN-1210,T-2,1,0,2,46,0,synthetic reply
SYN-1210,T-1,1,0,1,25,0,synthetic reply
SYN-1211,T-7,1,0,1,168,0,synthetic reply
SYN-1211,T-2,1,0,1,49,0,synthetic reply
SYN-1211,T-1,1,0,1,25,1,synthetic reply
SYN-1212,T-7,0,1,0,172,1,synthetic reply
SYN-1212,T-2,0,1,0,48,0,synthetic reply
SYN-1212,T-1,0,1,0,20,0,synthetic reply
SYN-1213,T-7,1,1,2,167,1,synthetic reply
SYN-1213,T-2,1,1,2,51,1,synthetic reply
SYN-1213,T-1,1,1,2,20,1,synthetic reply
SYN-1214,T-7,0,0,0,172,0,synthetic reply
SYN-1214,T-2,0,0,0,48,1,synthetic reply
SYN-1214,T-1,0,0,0,20,0,synthetic reply
SYN-1215,T-7,0,0,2,170,0,synthetic reply
SYN-1215,T-2,0,0,3,50,0,synthetic reply
SYN-1215,T-1,0,0,2,21,1,synthetic reply
SYN-1216,T-7,0,0,0,164,0,synthetic reply
SYN-1216,T-2,0,0,1,50,1,synthetic reply
SYN-1216,T-1,0,0,0,20,0,synthetic reply
SYN-1217,T-7,1,0,1,164,0,synthetic reply
SYN-1217,T-2,1,0,1,51,0,synthetic reply
SYN-1217,T-1,1,1,1,26,0,synthetic reply
SYN-1218,T-7,0,0,0,167,0,synthetic reply
SYN-1218,T-2,0,0,0,48,0,synthetic reply
SYN-1218,T-1,0,0,0,24,0,synthetic reply
SYN-1219,T-7,0,1,3,164,1,synthetic reply
SYN-1219,T-2,0,1,3,47,1,synthetic reply
SYN-1219,T-1,1,1,3,26,1,synthetic reply
SYN-1220,T-7,1,0,0,172,0,synthetic reply
SYN-1220,T-2,1,0,0,44,0,synthetic reply
SYN-1220,T-1,1,0,0,27,0,synthetic reply
SYN-1221,T-7,0,1,2,164,0,synthetic reply
SYN-1221,T-2,0,1,2,51,1,synthetic reply
SYN-1221,T-1,0,1,3,25,1,synthetic reply
SYN-1222,T-7,0,0,0,172,0,synthetic reply
SYN-1222,T-2,1,0,0,51,0,synthetic reply
SYN-1222,T-1,1,0,0,20,0,synthetic reply
SYN-1223,T-7,0,0,2,168,0,synthetic reply
SYN-1223,T-2,0,1,2,46,1,synthetic reply
SYN-1223,T-1,0,1,2,24,1,synthetic reply
SYN-1224,T-7,1,0,0,168,0,synthetic reply
SYN-1224,T-2,1,0,0,48,0,synthetic reply
SYN-1224,T-1,1,0,0,24,0,synthetic reply
SYN-1225,T-7,0,0,2,164,0,synthetic reply
SYN-1225,T-2,0,0,2,46,0,synthetic reply
SYN-1225,T-1,0,0,3,22,1,synthetic reply
SYN-1226,T-7,1,0,2,172,0,synthetic reply
SYN-1226,T-2,1,0,2,46,0,synthetic reply
SYN-1226,T-1,1,0,2,25,0,synthetic reply
SYN-1227,T-7,0,0,2,170,1,synthetic reply
SYN-1227,T-2,0,0,2,52,1,synthetic reply
SYN-1227,T-1,1,0,2,22,0,synthetic reply
SYN-1228,T-7,1,0,1,169,0,synthetic reply
SYN-1228,T-2,1,0,1,49,0,synthetic reply
SYN-1228,T-1,1,0,1,26,0,synthetic reply
SYN-1229,T-7,0,1,2,171,1,synthetic reply
SYN-1229,T-2,0,1,3,49,1,synthetic reply
SYN-1229,T-1,0,1,2,27,1,synthetic reply
SYN-1230,T-7,0,0,3,167,1,synthetic reply
SYN-1230,T-2,0,0,3,49,0,synthetic reply
SYN-1230,T-1,1,0,3,28,0,synthetic reply
SYN-1231,T-7,1,0,1,169,0,synthetic reply
SYN-1231,T-2,1,0,1,46,0,synthetic reply
SYN-1231,T-1,1,0,1,21,0,synthetic reply
SYN-1232,T-7,1,0,2,171,0,synthetic reply
SYN-1232,T-2,1,0,2,46,0,synthetic reply
SYN-1232,T-1,1,0,1,27,1,synthetic reply
SYN-1233,T-7,0,1,2,167,1,synthetic reply
SYN-1233,T-2,1,1,2,48,1,synthetic reply
SYN-1233,T-1,1,1,3,22,1,synthetic reply
SYN-1234,T-7,0,0,0,171,0,synthetic reply
SYN-1234,T-2,0,0,0,46,1,synthetic reply
SYN-1234,T-1,0,0,1,27,0,synthetic reply
SYN-1235,T-7,1,1,0,168,1,synthetic reply
SYN-1235,T-2,1,1,0,46,0,synthetic reply
SYN-1235,T-1,1,1,0,20,1,synthetic reply
SYN-1236,T-7,0,1,2,169,1,synthetic reply
SYN-1236,T-2,0,1,2,48,1,synthetic reply
SYN-1236,T-1,0,1,2,22,1,synthetic reply
SYN-1237,T-7,1,1,1,168,1,synthetic reply
SYN-1237,T-2,1,1,0,51,0,synthetic reply
SYN-1237,T-1,1,1,0,22,1,synthetic reply
SYN-1238,T-7,1,1,1,170,0,synthetic reply
SYN-1238,T-2,1,1,0,50,0,synthetic reply
SYN-1238,T-1,1,1,0,24,1,synthetic reply
SYN-1239,T-7,0,0,3,166,1,synthetic reply
SYN-1239,T-2,0,0,2,46,1,synthetic reply
SYN-1239,T-1,0,0,2,22,0,synthetic reply
SYN-1240,T-7,0,1,1,167,0,synthetic reply
SYN-1240,T-2,0,1,0,51,0,synthetic reply
SYN-1240,T-1,0,1,0,26,1,synthetic reply
SYN-1241,T-7,1,0,1,171,0,synthetic reply
SYN-1241,T-2,1,0,1,48,0,synthetic reply
SYN-1241,T-1,1,0,1,23,1,synthetic reply
SYN-1242,T-7,0,0,2,168,0,synthetic reply
SYN-1242,T-2,0,0,1,49,1,synthetic reply
SYN-1242,T-1,0,0,1,25,0,synthetic reply
SYN-1243,T-7,1,1,2,167,1,synthetic reply
SYN-1243,T-2,1,1,2,51,1,synthetic reply
SYN-1243,T-1,1,1,2,24,1,synthetic reply
SYN-1244,T-7,0,0,2,169,0,synthetic reply
SYN-1244,T-2,0,0,2,44,0,synthetic reply
SYN-1244,T-1,0,0,2,25,1,synthetic reply
SYN-1245,T-7,1,0,2,169,0,synthetic reply
SYN-1245,T-2,1,0,2,48,0,synthetic reply
SYN-1245,T-1,1,0,2,25,1,synthetic reply
SYN-1246,T-7,1,0,2,167,0,synthetic reply
SYN-1246,T-2,1,0,2,48,0,synthetic reply
SYN-1246,T-1,1,0,2,21,0,synthetic reply
SYN-1247,T-7,0,0,2,171,1,synthetic reply
SYN-1247,T-2,0,0,2,50,1,synthetic reply
SYN-1247,T-1,0,0,3,22,0,synthetic reply
SYN-1248,T-7,0,0,0,165,0,synthetic reply
SYN-1248,T-2,0,0,0,50,1,synthetic reply
SYN-1248,T-1,0,0,0,28,0,synthetic reply
SYN-1249,T-7,1,1,2,168,0,synthetic reply
SYN-1249,T-2,1,1,3,51,1,synthetic reply
SYN-1249,T-1,1,1,2,24,1,synthetic reply
SYN-1250,T-7,0,1,2,170,1,synthetic reply
SYN-1250,T-2,0,1,3,52,1,synthetic reply
SYN-1250,T-1,0,1,2,26,0,synthetic reply
SYN-1251,T-7,0,0,1,172,0,synthetic reply
SYN-1251,T-2,0,1,0,50,0,synthetic reply
SYN-1251,T-1,0,1,1,22,1,synthetic reply
SYN-1252,T-7,1,0,0,167,0,synthetic reply
SYN-1252,T-2,1,0,0,44,0,synthetic reply
SYN-1252,T-1,1,0,0,28,0,synthetic reply
SYN-1253,T-7,0,1,1,171,0,synthetic reply
SYN-1253,T-2,0,1,0,45,0,synthetic reply
SYN-1253,T-1,1,1,0,21,1,synthetic reply
SYN-1254,T-7,0,0,1,164,0,synthetic reply
SYN-1254,T-2,0,0,1,45,0,synthetic reply
SYN-1254,T-1,0,1,1,22,1,synthetic reply
SYN-1255,T-7,0,0,1,170,0,synthetic reply
SYN-1255,T-2,1,0,1,50,0,synthetic reply
SYN-1255,T-1,1,0,1,28,0,synthetic reply
SYN-1256,T-7,0,1,0,169,0,synthetic reply
SYN-1256,T-2,0,1,1,50,0,synthetic reply
SYN-1256,T-1,0,1,0,26,0,synthetic reply
SYN-1257,T-7,1,1,0,169,0,synthetic reply
SYN-1257,T-2,1,1,1,45,1,synthetic reply
SYN-1257,T-1,1,1,0,23,0,synthetic reply
SYN-1258,T-7,1,1,2,171,0,synthetic reply
SYN-1258,T-2,1,1,2,44,1,synthetic reply
SYN-1258,T-1,1,1,2,22,0,synthetic reply
SYN-1259,T-7,0,0,2,169,1,synthetic reply
SYN-1259,T-2,1,0,2,50,0,synthetic reply
SYN-1259,T-1,1,0,2,20,1,synthetic reply
SYN-1260,T-7,1,0,1,165,0,synthetic reply
SYN-1260,T-2,1,0,1,48,1,synthetic reply
SYN-1260,T-1,1,0,1,20,0,synthetic reply
SYN-1261,T-7,0,0,1,169,0,synthetic reply
SYN-1261,T-2,0,0,1,47,0,synthetic reply
SYN-1261,T-1,0,0,1,28,1,synthetic reply
SYN-1262,T-7,1,0,2,167,0,synthetic reply
SYN-1262,T-2,1,0,1,49,0,synthetic reply
SYN-1262,T-1,1,0,1,26,1,synthetic reply
SYN-1263,T-7,1,1,1,164,0,synthetic reply
SYN-1263,T-2,1,1,2,48,0,synthetic reply
SYN-1263,T-1,1,1,1,20,1,synthetic reply
SYN-1264,T-7,0,0,0,172,0,synthetic reply
SYN-1264,T-2,0,1,0,50,0,synthetic reply
SYN-1264,T-1,1,1,1,24,0,synthetic reply
SYN-1265,T-7,1,0,2,165,1,synthetic reply
SYN-1265,T-2,1,0,2,48,1,synthetic reply
SYN-1265,T-1,1,0,2,28,0,synthetic reply
SYN-1266,T-7,0,1,1,172,1,synthetic reply
SYN-1266,T-2,0,1,1,49,0,synthetic reply
SYN-1266,T-1,0,1,1,28,1,synthetic reply
SYN-1267,T-7,0,1,0,171,0,synthetic reply
SYN-1267,T-2,0,1,0,52,0,synthetic reply
SYN-1267,T-1,0,1,0,27,1,synthetic reply
SYN-1268,T-7,0,1,2,169,1,synthetic reply
SYN-1268,T-2,0,1,1,45,0,synthetic reply
SYN-1268,T-1,1,1,1,21,0,synthetic reply
SYN-1269,T-7,1,0,1,171,0,synthetic reply
SYN-1269,T-2,1,0,1,52,0,synthetic reply
SYN-1269,T-1,1,0,1,23,1,synthetic reply
SYN-1270,T-7,1,1,1,171,0,synthetic reply
SYN-1270,T-2,1,1,2,49,1,synthetic reply
SYN-1270,T-1,1,1,1,28,0,synthetic reply
SYN-1271,T-7,0,0,1,165,0,synthetic reply
SYN-1271,T-2,0,0,1,44,1,synthetic reply
SYN-1271,T-1,0,1,2,24,1,synthetic reply
SYN-1272,T-7,0,0,0,172,0,synthetic reply
SYN-1272,T-2,0,0,0,48,1,synthetic reply
SYN-1272,T-1,0,0,0,27,1,synthetic reply
SYN-1273,T-7,1,1,2,167,1,synthetic reply
SYN-1273,T-2,1,1,1,50,0,synthetic reply
SYN-1273,T-1,1,1,1,25,1,synthetic reply
SYN-1274,T-7,0,0,2,166,0,synthetic reply
SYN-1274,T-2,0,0,2,46,0,synthetic reply
SYN-1274,T-1,0,0,2,27,1,synthetic reply
SYN-1275,T-7,0,0,2,165,0,synthetic reply
SYN-1275,T-2,1,0,2,49,0,synthetic reply
SYN-1275,T-1,1,1,2,23,1,synthetic reply
SYN-1276,T-7,1,0,3,169,1,synthetic reply
SYN-1276,T-2,1,0,2,48,0,synthetic reply
SYN-1276,T-1,1,0,3,24,0,synthetic reply
SYN-1277,T-7,0,1,2,170,0,synthetic reply
SYN-1277,T-2,1,1,2,52,1,synthetic reply
SYN-1277,T-1,1,1,3,24,1,synthetic reply
SYN-1278,T-7,0,0,1,172,0,synthetic reply
SYN-1278,T-2,0,0,2,52,1,synthetic reply
SYN-1278,T-1,0,0,1,24,0,synthetic reply
SYN-1279,T-7,1,1,2,166,1,synthetic reply
SYN-1279,T-2,1,1,2,44,1,synthetic reply
SYN-1279,T-1,1,1,2,26,0,synthetic reply
SYN-1280,T-7,1,1,0,172,0,synthetic reply
SYN-1280,T-2,1,1,0,44,1,synthetic reply
SYN-1280,T-1,1,1,1,21,1,synthetic reply
SYN-1281,T-7,0,0,0,165,0,synthetic reply
SYN-1281,T-2,1,0,0,44,0,synthetic reply
SYN-1281,T-1,1,0,0,20,0,synthetic reply
SYN-1282,T-7,0,1,1,167,0,synthetic reply
SYN-1282,T-2,0,1,1,45,0,synthetic reply
SYN-1282,T-1,1,1,2,25,0,synthetic reply
SYN-1283,T-7,0,0,2,172,0,synthetic reply
SYN-1283,T-2,0,0,3,49,1,synthetic reply
SYN-1283,T-1,1,0,2,28,1,synthetic reply
SYN-1284,T-7,0,0,1,168,1,synthetic reply
SYN-1284,T-2,0,1,1,49,1,synthetic reply
SYN-1284,T-1,1,1,1,25,1,synthetic reply
SYN-1285,T-7,1,0,1,170,0,synthetic reply
SYN-1285,T-2,1,0,1,49,0,synthetic reply
SYN-1285,T-1,1,0,1,21,1,synthetic reply
SYN-1286,T-7,1,0,0,165,0,synthetic reply
SYN-1286,T-2,1,0,1,52,0,synthetic reply
SYN-1286,T-1,1,0,0,27,0,synthetic reply
SYN-1287,T-7,0,0,1,171,0,synthetic reply
SYN-1287,T-2,0,0,1,47,0,synthetic reply
SYN-1287,T-1,0,0,2,26,1,synthetic reply
SYN-1288,T-7,1,0,0,171,0,synthetic reply
SYN-1288,T-2,1,0,0,52,0,synthetic reply
SYN-1288,T-1,1,0,0,27,0,synthetic reply
SYN-1289,T-7,1,0,1,169,0,synthetic reply
SYN-1289,T-2,1,0,1,45,0,synthetic reply
SYN-1289,T-1,1,0,2,24,0,synthetic reply
SYN-1290,T-7,0,0,2,166,0,synthetic reply
SYN-1290,T-2,0,0,2,51,1,synthetic reply
SYN-1290,T-1,0,0,2,21,1,synthetic reply
SYN-1291,T-7,0,1,1,172,0,synthetic reply
SYN-1291,T-2,0,1,1,46,0,synthetic reply
SYN-1291,T-1,0,1,1,23,0,synthetic reply
SYN-1292,T-7,1,0,1,171,0,synthetic reply
SYN-1292,T-2,1,0,1,44,0,synthetic reply
SYN-1292,T-1,1,0,1,21,0,synthetic reply
SYN-1293,T-7,0,0,2,168,0,synthetic reply
SYN-1293,T-2,0,0,2,44,0,synthetic reply
SYN-1293,T-1,0,0,3,27,1,synthetic reply
SYN-1294,T-7,0,0,1,164,0,synthetic reply
SYN-1294,T-2,1,0,0,52,0,synthetic reply
SYN-1294,T-1,1,0,0,22,0,synthetic reply
SYN-1295,T-7,0,0,2,172,0,synthetic reply
SYN-1295,T-2,0,0,1,52,0,synthetic reply
SYN-1295,T-1,0,0,2,28,1,synthetic reply
SYN-1296,T-7,0,1,2,170,1,synthetic reply
SYN-1296,T-2,1,1,2,48,1,synthetic reply
SYN-1296,T-1,1,1,3,28,1,synthetic reply
SYN-1297,T-7,0,0,1,170,0,synthetic reply
SYN-1297,T-2,0,0,1,49,0,synthetic reply
SYN-1297,T-1,0,0,1,20,1,synthetic reply
SYN-1298,T-7,0,0,0,171,0,synthetic reply
SYN-1298,T-2,0,0,0,44,0,synthetic reply
SYN-1298,T-1,0,1,0,22,1,synthetic reply
SYN-1299,T-7,1,1,1,168,0,synthetic reply
SYN-1299,T-2,1,1,1,45,0,synthetic reply
SYN-1299,T-1,1,1,1,26,0,synthetic reply
SYN-1300,T-7,1,0,0,164,0,synthetic reply
SYN-1300,T-2,1,0,0,52,0,synthetic reply
SYN-1300,T-1,1,0,0,20,0,synthetic reply
SYN-1301,T-7,1,0,1,165,0,synthetic reply
SYN-1301,T-2,1,1,1,48,1,synthetic reply
SYN-1301,T-1,1,1,2,20,0,synthetic reply
SYN-1302,T-7,0,0,0,172,0,synthetic reply
SYN-1302,T-2,0,0,0,45,0,synthetic reply
SYN-1302,T-1,1,0,0,22,0,synthetic reply
SYN-1303,T-7,0,1,2,170,0,synthetic reply
SYN-1303,T-2,0,1,3,52,1,synthetic reply
SYN-1303,T-1,0,1,2,22,1,synthetic reply
SYN-1304,T-7,0,1,1,168,1,synthetic reply
SYN-1304,T-2,0,1,2,44,1,synthetic reply
SYN-1304,T-1,0,1,1,25,1,synthetic reply
SYN-1305,T-7,0,0,1,166,1,synthetic reply
SYN-1305,T-2,0,1,1,49,0,synthetic reply
SYN-1305,T-1,0,1,1,22,1,synthetic reply
SYN-1306,T-7,1,0,0,171,0,synthetic reply
SYN-1306,T-2,1,0,0,47,0,synthetic reply
SYN-1306,T-1,1,1,0,26,0,synthetic reply
SYN-1307,T-7,1,0,1,168,0,synthetic reply
SYN-1307,T-2,1,0,1,51,0,synthetic reply
SYN-1307,T-1,1,0,1,22,1,synthetic reply
SYN-1308,T-7,0,0,2,167,0,synthetic reply
SYN-1308,T-2,0,0,2,44,0,synthetic reply
SYN-1308,T-1,0,0,3,26,1,synthetic reply
SYN-1309,T-7,0,0,2,167,0,synthetic reply
SYN-1309,T-2,0,0,2,48,0,synthetic reply
SYN-1309,T-1,0,0,2,22,1,synthetic reply
SYN-1310,T-7,1,0,0,169,0,synthetic reply
SYN-1310,T-2,1,0,1,45,0,synthetic reply
SYN-1310,T-1,1,0,0,24,0,synthetic reply
SYN-1311,T-7,1,1,1,172,0,synthetic reply
SYN-1311,T-2,1,1,1,51,0,synthetic reply
SYN-1311,T-1,1,1,1,22,0,synthetic reply
SYN-1312,T-7,0,1,1,166,1,synthetic reply
SYN-1312,T-2,0,1,1,48,1,synthetic reply
SYN-1312,T-1,0,1,1,25,1,synthetic reply
SYN-1313,T-7,1,0,2,165,0,synthetic reply
SYN-1313,T-2,1,0,2,49,0,synthetic reply
SYN-1313,T-1,1,0,2,20,0,synthetic reply
SYN-1314,T-7,1,0,2,172,1,synthetic reply
SYN-1314,T-2,1,0,3,46,1,synthetic reply
SYN-1314,T-1,1,0,2,20,0,synthetic reply
SYN-1315,T-7,0,0,0,166,0,synthetic reply
SYN-1315,T-2,0,0,0,50,0,synthetic reply
SYN-1315,T-1,0,0,0,21,1,synthetic reply
SYN-1316,T-7,1,1,1,167,0,synthetic reply
SYN-1316,T-2,1,1,1,48,0,synthetic reply
SYN-1316,T-1,1,1,1,24,0,synthetic reply
SYN-1317,T-7,1,1,0,167,0,synthetic reply
SYN-1317,T-2,1,1,1,46,0,synthetic reply
SYN-1317,T-1,1,1,0,26,0,synthetic reply
SYN-1318,T-7,1,1,2,165,0,synthetic reply
SYN-1318,T-2,1,1,2,51,0,synthetic reply
SYN-1318,T-1,1,1,2,24,0,synthetic reply
SYN-1319,T-7,1,1,2,171,0,synthetic reply
SYN-1319,T-2,1,1,2,51,1,synthetic reply
SYN-1319,T-1,1,1,2,20,1,synthetic reply
SYN-1320,T-7,1,1,0,172,0,synthetic reply
SYN-1320,T-2,1,1,0,49,0,synthetic reply
SYN-1320,T-1,1,1,0,24,0,synthetic reply
SYN-1321,T-7,0,0,2,168,0,synthetic reply
SYN-1321,T-2,0,1,3,52,1,synthetic reply
SYN-1321,T-1,0,1,2,24,1,synthetic reply
SYN-1322,T-7,1,0,1,172,0,synthetic reply
SYN-1322,T-2,1,0,1,52,0,synthetic reply
SYN-1322,T-1,1,0,2,24,0,synthetic reply
SYN-1323,T-7,1,0,0,171,0,synthetic reply
SYN-1323,T-2,1,0,0,52,1,synthetic reply
SYN-1323,T-1,1,0,0,25,0,synthetic reply
SYN-1324,T-7,0,1,3,172,1,synthetic reply
SYN-1324,T-2,0,1,2,51,1,synthetic reply
SYN-1324,T-1,0,1,2,25,0,synthetic reply
SYN-1325,T-7,0,0,1,171,1,synthetic reply
SYN-1325,T-2,0,0,1,46,0,synthetic reply
SYN-1325,T-1,0,0,2,26,1,synthetic reply
SYN-1326,T-7,1,1,1,168,0,synthetic reply
SYN-1326,T-2,1,1,1,47,0,synthetic reply
SYN-1326,T-1,1,1,1,23,0,synthetic reply
SYN-1327,T-7,0,0,1,165,0,synthetic reply
SYN-1327,T-2,0,0,1,44,1,synthetic reply
SYN-1327,T-1,0,0,1,28,0,synthetic reply
SYN-1328,T-7,1,0,2,171,0,synthetic reply
SYN-1328,T-2,1,0,1,45,1,synthetic reply
SYN-1328,T-1,1,0,1,21,0,synthetic reply
SYN-1329,T-7,0,0,2,168,1,synthetic reply
SYN-1329,T-2,0,0,2,48,1,synthetic reply
SYN-1329,T-1,0,0,2,25,1,synthetic reply
SYN-1330,T-7,0,1,1,166,0,synthetic reply
SYN-1330,T-2,1,1,1,52,1,synthetic reply
SYN-1330,T-1,1,1,1,23,0,synthetic reply
SYN-1331,T-7,0,0,2,169,1,synthetic reply
SYN-1331,T-2,1,0,2,50,1,synthetic reply
SYN-1331,T-1,1,0,2,21,0,synthetic reply
SYN-1332,T-7,1,0,2,168,0,synthetic reply
SYN-1332,T-2,1,0,1,46,1,synthetic reply
SYN-1332,T-1,1,0,1,26,0,synthetic reply
SYN-1333,T-7,1,1,0,165,1,synthetic reply
SYN-1333,T-2,1,1,1,46,1,synthetic reply
SYN-1333,T-1,1,1,1,21,1,synthetic reply
SYN-1334,T-7,1,1,1,172,0,synthetic reply
SYN-1334,T-2,1,1,2,46,1,synthetic reply
SYN-1334,T-1,1,1,1,21,0,synthetic reply
SYN-1335,T-7,0,1,2,172,1,synthetic reply
SYN-1335,T-2,1,1,2,50,0,synthetic reply
SYN-1335,T-1,1,1,2,23,1,synthetic reply
SYN-1336,T-7,0,1,1,164,1,synthetic reply
SYN-1336,T-2,0,1,0,48,0,synthetic reply
SYN-1336,T-1,1,1,0,20,0,synthetic reply
SYN-1337,T-7,1,0,3,164,0,synthetic reply
SYN-1337,T-2,1,0,2,44,1,synthetic reply
SYN-1337,T-1,1,1,3,20,1,synthetic reply
SYN-1338,T-7,0,0,1,164,1,synthetic reply
SYN-1338,T-2,0,0,1,48,1,synthetic reply
SYN-1338,T-1,1,1,0,21,0,synthetic reply
SYN-1339,T-7,1,1,0,171,1,synthetic reply
SYN-1339,T-2,1,1,0,48,1,synthetic reply
SYN-1339,T-1,1,1,1,25,0,synthetic reply
SYN-1340,T-7,1,0,0,168,0,synthetic reply
SYN-1340,T-2,1,0,0,52,0,synthetic reply
SYN-1340,T-1,1,1,1,20,0,synthetic reply
SYN-1341,T-7,0,1,2,168,0,synthetic reply
SYN-1341,T-2,0,1,2,47,0,synthetic reply
SYN-1341,T-1,0,1,2,24,1,synthetic reply
SYN-1342,T-7,0,0,1,171,0,synthetic reply
SYN-1342,T-2,0,0,1,47,0,synthetic reply
SYN-1342,T-1,1,0,1,21,0,synthetic reply
SYN-1343,T-7,0,1,1,171,0,synthetic reply
SYN-1343,T-2,0,1,1,45,0,synthetic reply
SYN-1343,T-1,1,1,1,22,1,synthetic reply
SYN-1344,T-7,0,0,2,169,1,synthetic reply
SYN-1344,T-2,0,0,2,51,1,synthetic reply
SYN-1344,T-1,0,0,2,23,1,synthetic reply
SYN-1345,T-7,0,0,2,168,0,synthetic reply
SYN-1345,T-2,0,0,2,46,0,synthetic reply
SYN-1345,T-1,1,0,2,20,0,synthetic reply
SYN-1346,T-7,0,1,0,169,1,synthetic reply
SYN-1346,T-2,0,1,0,52,1,synthetic reply
SYN-1346,T-1,0,1,0,20,1,synthetic reply
SYN-1347,T-7,1,0,2,167,0,synthetic reply
SYN-1347,T-2,1,0,2,50,1,synthetic reply
SYN-1347,T-1,1,0,2,20,0,synthetic reply
SYN-1348,T-7,1,0,1,170,0,synthetic reply
SYN-1348,T-2,1,0,1,48,1,synthetic reply
SYN-1348,T-1,1,0,2,27,0,synthetic reply
SYN-1349,T-7,1,1,2,166,0,synthetic reply
SYN-1349,T-2,1,1,3,49,0,synthetic reply
SYN-1349,T-1,1,1,2,22,0,synthetic reply
SYN-1350,T-7,0,1,2,171,1,synthetic reply
SYN-1350,T-2,0,1,2,44,1,synthetic reply
SYN-1350,T-1,0,1,1,22,1,synthetic reply
SYN-1351,T-7,0,1,0,172,1,synthetic reply
SYN-1351,T-2,1,1,1,47,1,synthetic reply
SYN-1351,T-1,1,1,0,20,0,synthetic reply
SYN-1352,T-7,0,0,1,170,0,synthetic reply
SYN-1352,T-2,0,0,1,47,0,synthetic reply
SYN-1352,T-1,0,0,1,21,1,synthetic reply
SYN-1353,T-7,1,1,2,170,1,synthetic reply
SYN-1353,T-2,1,1,1,51,0,synthetic reply
SYN-1353,T-1,1,1,1,26,0,synthetic reply
SYN-1354,T-7,0,0,2,168,1,synthetic reply
SYN-1354,T-2,0,0,2,47,1,synthetic reply
SYN-1354,T-1,0,0,2,28,1,synthetic reply
SYN-1355,T-7,1,1,0,164,0,synthetic reply
SYN-1355,T-2,1,1,0,47,1,synthetic reply
SYN-1355,T-1,1,1,0,22,1,synthetic reply
SYN-1356,T-7,0,0,2,164,0,synthetic reply
SYN-1356,T-2,0,0,2,50,0,synthetic reply
SYN-1356,T-1,0,0,2,28,0,synthetic reply
SYN-1357,T-7,1,0,0,172,0,synthetic reply
SYN-1357,T-2,1,0,0,47,0,synthetic reply
SYN-1357,T-1,1,0,0,26,0,synthetic reply
SYN-1358,T-7,0,1,2,165,0,synthetic reply
SYN-1358,T-2,0,1,3,44,1,synthetic reply
SYN-1358,T-1,0,1,2,21,1,synthetic reply
SYN-1359,T-7,0,1,1,167,0,synthetic reply
SYN-1359,T-2,1,1,1,45,1,synthetic reply
SYN-1359,T-1,1,1,1,26,0,synthetic reply
SYN-1360,T-7,0,0,2,167,0,synthetic reply
SYN-1360,T-2,0,0,1,44,1,synthetic reply
SYN-1360,T-1,0,0,1,22,0,synthetic reply
SYN-1361,T-7,0,0,2,170,0,synthetic reply
SYN-1361,T-2,0,0,2,46,1,synthetic reply
SYN-1361,T-1,1,0,2,26,1,synthetic reply
SYN-1362,T-7,0,0,0,168,0,synthetic reply
SYN-1362,T-2,0,0,0,47,0,synthetic reply
SYN-1362,T-1,0,0,0,20,0,synthetic reply
SYN-1363,T-7,0,0,0,167,0,synthetic reply
SYN-1363,T-2,0,0,0,44,0,synthetic reply
SYN-1363,T-1,0,0,0,26,1,synthetic reply
SYN-1364,T-7,1,0,2,169,0,synthetic reply
SYN-1364,T-2,1,0,1,47,1,synthetic reply
SYN-1364,T-1,1,0,1,25,0,synthetic reply
SYN-1365,T-7,1,0,1,172,0,synthetic reply
SYN-1365,T-2,1,0,1,47,0,synthetic reply
SYN-1365,T-1,1,0,0,26,1,synthetic reply
SYN-1366,T-7,0,0,0,166,0,synthetic reply
SYN-1366,T-2,1,0,0,49,0,synthetic reply
SYN-1366,T-1,1,0,0,23,0,synthetic reply
SYN-1367,T-7,1,0,2,169,0,synthetic reply
SYN-1367,T-2,1,0,2,50,0,synthetic reply
SYN-1367,T-1,1,0,2,20,0,synthetic reply
SYN-1368,T-7,0,0,1,170,1,synthetic reply
SYN-1368,T-2,0,0,0,46,0,synthetic reply
SYN-1368,T-1,0,0,0,22,1,synthetic reply
SYN-1369,T-7,0,0,2,169,0,synthetic reply
SYN-1369,T-2,1,0,3,45,0,synthetic reply
SYN-1369,T-1,1,0,2,26,0,synthetic reply
SYN-1370,T-7,0,1,0,166,0,synthetic reply
SYN-1370,T-2,0,1,0,44,0,synthetic reply
SYN-1370,T-1,1,1,0,27,0,synthetic reply
SYN-1371,T-7,0,0,1,170,1,synthetic reply
SYN-1371,T-2,0,0,2,51,0,synthetic reply
SYN-1371,T-1,0,1,1,25,1,synthetic reply
SYN-1372,T-7,0,0,2,169,1,synthetic reply
SYN-1372,T-2,0,0,1,50,1,synthetic reply
SYN-1372,T-1,0,0,1,23,1,synthetic reply
SYN-1373,T-7,0,0,1,171,0,synthetic reply
SYN-1373,T-2,0,0,1,49,0,synthetic reply
SYN-1373,T-1,0,0,1,22,0,synthetic reply
SYN-1374,T-7,0,0,0,171,0,synthetic reply
SYN-1374,T-2,0,0,0,49,0,synthetic reply
SYN-1374,T-1,1,0,0,28,0,synthetic reply
SYN-1375,T-7,0,0,1,171,1,synthetic reply
SYN-1375,T-2,0,0,1,46,1,synthetic reply
SYN-1375,T-1,0,0,1,27,1,synthetic reply
SYN-1376,T-7,1,1,2,166,0,synthetic reply
SYN-1376,T-2,1,1,2,49,0,synthetic reply
SYN-1376,T-1,1,1,2,28,1,synthetic reply
SYN-1377,T-7,1,0,1,167,0,synthetic reply
SYN-1377,T-2,1,0,1,52,0,synthetic reply
SYN-1377,T-1,1,0,1,27,0,synthetic reply
SYN-1378,T-7,0,0,1,171,0,synthetic reply
SYN-1378,T-2,0,0,1,44,0,synthetic reply
SYN-1378,T-1,0,0,1,26,0,synthetic reply
SYN-1379,T-7,1,0,1,167,0,synthetic reply
SYN-1379,T-2,1,0,1,52,0,synthetic reply
SYN-1379,T-1,1,0,1,22,1,synthetic reply
SYN-1380,T-7,0,0,2,166,0,synthetic reply
SYN-1380,T-2,0,0,2,46,0,synthetic reply
SYN-1380,T-1,0,0,2,26,1,synthetic reply
SYN-1381,T-7,0,0,1,167,0,synthetic reply
SYN-1381,T-2,0,0,0,52,1,synthetic reply
SYN-1381,T-1,0,0,0,28,1,synthetic reply
SYN-1382,T-7,1,0,1,168,0,synthetic reply
SYN-1382,T-2,1,0,1,50,1,synthetic reply
SYN-1382,T-1,1,0,1,23,0,synthetic reply
SYN-1383,T-7,0,0,2,169,0,synthetic reply
SYN-1383,T-2,0,0,2,44,0,synthetic reply
SYN-1383,T-1,0,0,2,27,1,synthetic reply
SYN-1384,T-7,1,1,2,169,0,synthetic reply
SYN-1384,T-2,1,1,2,46,0,synthetic reply
SYN-1384,T-1,1,1,2,23,0,synthetic reply
SYN-1385,T-7,0,0,0,172,0,synthetic reply
SYN-1385,T-2,0,0,0,50,0,synthetic reply
SYN-1385,T-1,0,0,0,28,0,synthetic reply
SYN-1386,T-7,0,0,2,170,0,synthetic reply
SYN-1386,T-2,0,0,2,51,1,synthetic reply
SYN-1386,T-1,0,0,2,28,1,synthetic reply
SYN-1387,T-7,1,1,0,166,0,synthetic reply
SYN-1387,T-2,1,1,0,45,0,synthetic reply
SYN-1387,T-1,1,1,0,23,0,synthetic reply
SYN-1388,T-7,1,0,1,165,0,synthetic reply
SYN-1388,T-2,1,0,1,45,1,synthetic reply
SYN-1388,T-1,1,0,1,23,0,synthetic reply
SYN-1389,T-7,0,0,0,167,0,synthetic reply
SYN-1389,T-2,0,0,0,51,0,synthetic reply
SYN-1389,T-1,0,0,1,26,1,synthetic reply
SYN-1390,T-7,0,0,0,171,0,synthetic reply
SYN-1390,T-2,0,0,1,46,1,synthetic reply
SYN-1390,T-1,0,0,0,26,0,synthetic reply
SYN-1391,T-7,0,0,0,168,0,synthetic reply
SYN-1391,T-2,0,0,0,45,1,synthetic reply
SYN-1391,T-1,0,0,0,20,0,synthetic reply
SYN-1392,T-7,0,0,0,167,0,synthetic reply
SYN-1392,T-2,0,0,0,51,0,synthetic reply
SYN-1392,T-1,1,0,0,21,1,synthetic reply
SYN-1393,T-7,0,0,0,172,1,synthetic reply
SYN-1393,T-2,0,0,0,52,0,synthetic reply
SYN-1393,T-1,1,0,0,25,0,synthetic reply
SYN-1394,T-7,1,1,1,170,0,synthetic reply
SYN-1394,T-2,1,1,0,45,0,synthetic reply
SYN-1394,T-1,1,1,0,21,0,synthetic reply
SYN-1395,T-7,0,0,2,171,0,synthetic reply
SYN-1395,T-2,0,0,2,49,0,synthetic reply
SYN-1395,T-1,0,0,2,25,1,synthetic reply
SYN-1396,T-7,0,0,0,167,0,synthetic reply
SYN-1396,T-2,0,0,0,51,0,synthetic reply
SYN-1396,T-1,0,0,0,28,1,synthetic reply
SYN-1397,T-7,1,1,1,164,0,synthetic reply
SYN-1397,T-2,1,1,1,48,0,synthetic reply
SYN-1397,T-1,1,1,1,22,1,synthetic reply
SYN-1398,T-7,1,0,0,165,0,synthetic reply
SYN-1398,T-2,1,0,0,45,0,synthetic reply
SYN-1398,T-1,1,0,0,28,0,synthetic reply
SYN-1399,T-7,1,1,0,164,0,synthetic reply
SYN-1399,T-2,1,1,0,45,0,synthetic reply
SYN-1399,T-1,1,1,0,24,0,synthetic reply
SYN-1400,T-7,0,0,2,167,1,synthetic reply
SYN-1400,T-2,0,0,2,45,0,synthetic reply
SYN-1400,T-1,1,0,3,25,0,synthetic reply
SYN-1401,T-7,1,1,2,167,1,synthetic reply
SYN-1401,T-2,1,1,1,49,1,synthetic reply
SYN-1401,T-1,1,1,1,20,0,synthetic reply
SYN-1402,T-7,1,1,2,167,0,synthetic reply
SYN-1402,T-2,1,1,2,44,0,synthetic reply
SYN-1402,T-1,1,1,2,22,0,synthetic reply
SYN-1403,T-7,1,0,1,170,0,synthetic reply
SYN-1403,T-2,1,0,2,50,0,synthetic reply
SYN-1403,T-1,1,0,2,24,1,synthetic reply
SYN-1404,T-7,0,1,2,171,1,synthetic reply
SYN-1404,T-2,0,1,2,50,1,synthetic reply
SYN-1404,T-1,0,1,2,23,0,synthetic reply
SYN-1405,T-7,1,0,2,164,1,synthetic reply
SYN-1405,T-2,1,1,3,45,0,synthetic reply
SYN-1405,T-1,1,1,2,23,1,synthetic reply
SYN-1406,T-7,0,1,0,170,0,synthetic reply
SYN-1406,T-2,0,1,0,46,1,synthetic reply
SYN-1406,T-1,1,1,0,28,1,synthetic reply
SYN-1407,T-7,1,0,0,168,0,synthetic reply
SYN-1407,T-2,1,0,0,44,0,synthetic reply
SYN-1407,T-1,1,0,0,20,0,synthetic reply
SYN-1408,T-7,1,0,2,170,1,synthetic reply
SYN-1408,T-2,1,0,2,44,0,synthetic reply
SYN-1408,T-1,1,0,2,23,0,synthetic reply
SYN-1409,T-7,1,1,1,166,0,synthetic reply
SYN-1409,T-2,1,1,1,47,0,synthetic reply
SYN-1409,T-1,1,1,1,23,1,synthetic reply
SYN-1410,T-7,0,1,0,169,1,synthetic reply
SYN-1410,T-2,0,1,1,48,1,synthetic reply
SYN-1410,T-1,0,1,0,27,1,synthetic reply
SYN-1411,T-7,0,1,1,168,0,synthetic reply
SYN-1411,T-2,0,1,1,52,0,synthetic reply
SYN-1411,T-1,0,1,1,20,1,synthetic reply
SYN-1412,T-7,0,1,2,169,1,synthetic reply
SYN-1412,T-2,1,1,3,52,0,synthetic reply
SYN-1412,T-1,1,1,2,26,0,synthetic reply
SYN-1413,T-7,1,0,0,170,0,synthetic reply
SYN-1413,T-2,1,0,1,46,0,synthetic reply
SYN-1413,T-1,1,0,0,24,0,synthetic reply
SYN-1414,T-7,0,1,2,171,1,synthetic reply
SYN-1414,T-2,0,1,1,51,0,synthetic reply
SYN-1414,T-1,1,1,2,23,0,synthetic reply
SYN-1415,T-7,0,0,1,172,0,synthetic reply
SYN-1415,T-2,0,0,0,45,0,synthetic reply
SYN-1415,T-1,0,0,0,23,0,synthetic reply
SYN-1416,T-7,1,1,2,172,0,synthetic reply
SYN-1416,T-2,1,1,1,47,0,synthetic reply
SYN-1416,T-1,1,1,1,25,0,synthetic reply
SYN-1417,T-7,1,1,2,169,0,synthetic reply
SYN-1417,T-2,1,1,2,50,1,synthetic reply
SYN-1417,T-1,1,1,3,22,1,synthetic reply
SYN-1418,T-7,0,1,3,171,1,synthetic reply
SYN-1418,T-2,0,1,2,52,1,synthetic reply
SYN-1418,T-1,0,1,3,20,1,synthetic reply
SYN-1419,T-7,0,0,0,169,0,synthetic reply
SYN-1419,T-2,0,0,1,48,0,synthetic reply
SYN-1419,T-1,0,0,0,26,0,synthetic reply
SYN-1420,T-7,1,1,1,168,0,synthetic reply
SYN-1420,T-2,1,1,1,45,1,synthetic reply
SYN-1420,T-1,1,1,2,26,1,synthetic reply
SYN-1421,T-7,0,1,0,169,0,synthetic reply
SYN-1421,T-2,0,1,0,46,0,synthetic reply
SYN-1421,T-1,0,1,0,24,0,synthetic reply
SYN-1422,T-7,0,0,0,166,0,synthetic reply
SYN-1422,T-2,0,0,0,51,0,synthetic reply
SYN-1422,T-1,0,0,0,27,0,synthetic reply
SYN-1423,T-7,0,0,2,171,0,synthetic reply
SYN-1423,T-2,0,0,2,49,1,synthetic reply
SYN-1423,T-1,0,0,1,21,1,synthetic reply
SYN-1424,T-7,0,0,1,172,0,synthetic reply
SYN-1424,T-2,0,0,1,51,1,synthetic reply
SYN-1424,T-1,0,0,1,22,0,synthetic reply
SYN-1425,T-7,1,0,0,169,1,synthetic reply
SYN-1425,T-2,1,0,0,50,0,synthetic reply
SYN-1425,T-1,1,0,1,24,0,synthetic reply
SYN-1426,T-7,0,1,0,172,1,synthetic reply
SYN-1426,T-2,0,1,0,45,0,synthetic reply
SYN-1426,T-1,0,1,0,21,0,synthetic reply
SYN-1427,T-7,1,0,1,167,0,synthetic reply
SYN-1427,T-2,1,0,2,45,0,synthetic reply
SYN-1427,T-1,1,0,1,23,1,synthetic reply
SYN-1428,T-7,0,1,0,168,1,synthetic reply
SYN-1428,T-2,0,1,0,45,1,synthetic reply
SYN-1428,T-1,0,1,0,22,1,synthetic reply
SYN-1429,T-7,0,0,2,169,0,synthetic reply
SYN-1429,T-2,0,0,2,49,1,synthetic reply
SYN-1429,T-1,0,0,2,26,1,synthetic reply
SYN-1430,T-7,1,0,2,168,0,synthetic reply
SYN-1430,T-2,1,0,2,51,1,synthetic reply
SYN-1430,T-1,1,0,2,25,0,synthetic reply
SYN-1431,T-7,0,0,0,167,0,synthetic reply
SYN-1431,T-2,0,0,0,48,0,synthetic reply
SYN-1431,T-1,0,0,0,20,0,synthetic reply
SYN-1432,T-7,0,1,0,169,0,synthetic reply
SYN-1432,T-2,0,1,0,46,0,synthetic reply
SYN-1432,T-1,0,1,1,28,1,synthetic reply
SYN-1433,T-7,0,0,2,164,0,synthetic reply
SYN-1433,T-2,0,1,1,44,1,synthetic reply
SYN-1433,T-1,0,1,1,21,1,synthetic reply
SYN-1434,T-7,0,0,1,166,0,synthetic reply
SYN-1434,T-2,0,0,1,51,0,synthetic reply
SYN-1434,T-1,0,0,1,26,0,synthetic reply
SYN-1435,T-7,1,0,1,165,0,synthetic reply
SYN-1435,T-2,1,0,1,52,0,synthetic reply
SYN-1435,T-1,1,0,1,26,0,synthetic reply
SYN-1436,T-7,0,0,3,172,0,synthetic reply
SYN-1436,T-2,0,0,2,49,1,synthetic reply
SYN-1436,T-1,0,0,2,27,1,synthetic reply
SYN-1437,T-7,0,1,0,171,0,synthetic reply
SYN-1437,T-2,0,1,0,49,0,synthetic reply
SYN-1437,T-1,0,1,0,22,1,synthetic reply
SYN-1438,T-7,1,1,2,170,0,synthetic reply
SYN-1438,T-2,1,1,2,49,1,synthetic reply
SYN-1438,T-1,1,1,3,26,0,synthetic reply
SYN-1439,T-7,1,0,2,169,0,synthetic reply
SYN-1439,T-2,1,0,2,52,1,synthetic reply
SYN-1439,T-1,1,0,2,25,0,synthetic reply
SYN-1440,T-7,0,1,1,172,1,synthetic reply
SYN-1440,T-2,0,1,0,47,0,synthetic reply
SYN-1440,T-1,0,1,0,21,1,synthetic reply
SYN-1441,T-7,1,0,3,168,0,synthetic reply
SYN-1441,T-2,1,0,2,45,0,synthetic reply
SYN-1441,T-1,1,1,2,20,0,synthetic reply
SYN-1442,T-7,1,0,1,172,0,synthetic reply
SYN-1442,T-2,1,0,1,45,0,synthetic reply
SYN-1442,T-1,1,0,2,24,1,synthetic reply
SYN-1443,T-7,1,0,1,164,0,synthetic reply
SYN-1443,T-2,1,0,2,50,0,synthetic reply
SYN-1443,T-1,1,0,2,28,1,synthetic reply
SYN-1444,T-7,0,0,2,167,1,synthetic reply
SYN-1444,T-2,0,0,1,47,1,synthetic reply
SYN-1444,T-1,0,0,1,26,1,synthetic reply
SYN-1445,T-7,0,1,1,166,0,synthetic reply
SYN-1445,T-2,0,1,2,44,1,synthetic reply
SYN-1445,T-1,0,1,1,21,1,synthetic reply
SYN-1446,T-7,1,0,1,171,0,synthetic reply
SYN-1446,T-2,1,0,1,45,0,synthetic reply
SYN-1446,T-1,1,0,1,25,0,synthetic reply
SYN-1447,T-7,1,0,0,166,0,synthetic reply
SYN-1447,T-2,1,0,0,52,0,synthetic reply
SYN-1447,T-1,1,0,0,26,0,synthetic reply
SYN-1448,T-7,0,0,0,165,0,synthetic reply
SYN-1448,T-2,0,0,0,50,1,synthetic reply
SYN-1448,T-1,0,0,0,28,1,synthetic reply
SYN-1449,T-7,1,0,1,171,0,synthetic reply
SYN-1449,T-2,1,0,2,52,0,synthetic reply
SYN-1449,T-1,1,0,1,28,0,synthetic reply
SYN-1450,T-7,0,0,0,171,0,synthetic reply
SYN-1450,T-2,0,0,0,47,1,synthetic reply
SYN-1450,T-1,0,0,0,25,0,synthetic reply
SYN-1451,T-7,0,0,1,169,1,synthetic reply
SYN-1451,T-2,0,1,1,48,0,synthetic reply
SYN-1451,T-1,0,1,1,22,1,synthetic reply
SYN-1452,T-7,1,0,0,164,0,synthetic reply
SYN-1452,T-2,1,0,0,44,1,synthetic reply
SYN-1452,T-1,1,0,0,25,1,synthetic reply
SYN-1453,T-7,1,1,1,164,0,synthetic reply
SYN-1453,T-2,1,1,0,48,0,synthetic reply
SYN-1453,T-1,1,1,0,20,0,synthetic reply
SYN-1454,T-7,0,1,2,167,1,synthetic reply
SYN-1454,T-2,0,1,2,51,0,synthetic reply
SYN-1454,T-1,0,1,3,27,1,synthetic reply
SYN-1455,T-7,0,1,1,169,0,synthetic reply
SYN-1455,T-2,1,1,2,52,1,synthetic reply
SYN-1455,T-1,1,1,1,22,0,synthetic reply
SYN-1456,T-7,0,0,1,166,1,synthetic reply
SYN-1456,T-2,0,0,1,45,1,synthetic reply
SYN-1456,T-1,0,0,1,22,1,synthetic reply
SYN-1457,T-7,0,1,1,168,0,synthetic reply
SYN-1457,T-2,0,1,1,47,1,synthetic reply
SYN-1457,T-1,0,1,1,22,1,synthetic reply
SYN-1458,T-7,1,0,0,170,0,synthetic reply
SYN-1458,T-2,1,0,0,49,1,synthetic reply
SYN-1458,T-1,1,0,0,22,0,synthetic reply
SYN-1459,T-7,0,0,0,165,1,synthetic reply
SYN-1459,T-2,0,0,0,47,1,synthetic reply
SYN-1459,T-1,0,0,1,28,0,synthetic reply
SYN-1460,T-7,0,0,0,165,0,synthetic reply
SYN-1460,T-2,0,0,0,44,1,synthetic reply
SYN-1460,T-1,0,0,0,21,0,synthetic reply
SYN-1461,T-7,0,0,2,170,0,synthetic reply
SYN-1461,T-2,0,0,2,51,0,synthetic reply
SYN-1461,T-1,0,0,2,28,1,synthetic reply
SYN-1462,T-7,0,0,1,168,0,synthetic reply
SYN-1462,T-2,0,0,2,45,1,synthetic reply
SYN-1462,T-1,0,0,1,22,1,synthetic reply
SYN-1463,T-7,1,1,2,168,0,synthetic reply
SYN-1463,T-2,1,1,3,44,1,synthetic reply
SYN-1463,T-1,1,1,2,22,1,synthetic reply
SYN-1464,T-7,1,0,0,172,0,synthetic reply
SYN-1464,T-2,1,1,0,46,0,synthetic reply
SYN-1464,T-1,1,1,0,20,0,synthetic reply
SYN-1465,T-7,1,0,2,166,0,synthetic reply
SYN-1465,T-2,1,0,3,47,0,synthetic reply
SYN-1465,T-1,1,0,2,23,0,synthetic reply
SYN-1466,T-7,1,0,1,166,1,synthetic reply
SYN-1466,T-2,1,0,1,45,0,synthetic reply
SYN-1466,T-1,1,0,2,27,0,synthetic reply
SYN-1467,T-7,0,0,1,169,1,synthetic reply
SYN-1467,T-2,0,0,1,49,1,synthetic reply
SYN-1467,T-1,1,0,1,23,0,synthetic reply
SYN-1468,T-7,0,0,1,170,1,synthetic reply
SYN-1468,T-2,0,0,1,52,0,synthetic reply
SYN-1468,T-1,0,0,1,28,0,synthetic reply
SYN-1469,T-7,0,1,1,170,0,synthetic reply
SYN-1469,T-2,0,1,1,46,0,synthetic reply
SYN-1469,T-1,0,1,1,23,1,synthetic reply
SYN-1470,T-7,1,1,0,167,0,synthetic reply
SYN-1470,T-2,1,1,0,45,1,synthetic reply
SYN-1470,T-1,1,1,0,22,0,synthetic reply
SYN-1471,T-7,1,0,2,172,0,synthetic reply
SYN-1471,T-2,1,0,2,48,0,synthetic reply
SYN-1471,T-1,1,0,3,28,1,synthetic reply
SYN-1472,T-7,0,0,1,169,1,synthetic reply
SYN-1472,T-2,0,0,1,47,1,synthetic reply
SYN-1472,T-1,1,0,1,22,0,synthetic reply
SYN-1473,T-7,1,0,2,166,0,synthetic reply
SYN-1473,T-2,1,0,1,50,0,synthetic reply
SYN-1473,T-1,1,0,1,23,0,synthetic reply
SYN-1474,T-7,0,1,2,168,1,synthetic reply
SYN-1474,T-2,0,1,2,44,1,synthetic reply
SYN-1474,T-1,0,1,2,24,0,synthetic reply
SYN-1475,T-7,1,0,2,168,0,synthetic reply
SYN-1475,T-2,1,0,2,51,0,synthetic reply
SYN-1475,T-1,1,0,2,27,0,synthetic reply
SYN-1476,T-7,1,1,0,166,0,synthetic reply
SYN-1476,T-2,1,1,1,44,0,synthetic reply
SYN-1476,T-1,1,1,1,28,0,synthetic reply
SYN-1477,T-7,1,0,1,168,0,synthetic reply
SYN-1477,T-2,1,0,1,49,1,synthetic reply
SYN-1477,T-1,1,0,1,27,0,synthetic reply
SYN-1478,T-7,0,0,2,167,1,synthetic reply
SYN-1478,T-2,0,0,3,49,0,synthetic reply
SYN-1478,T-1,0,0,2,21,1,synthetic reply
SYN-1479,T-7,1,0,1,172,0,synthetic reply
SYN-1479,T-2,1,0,1,45,0,synthetic reply
SYN-1479,T-1,1,0,1,26,1,synthetic reply
SYN-1480,T-7,1,0,1,169,1,synthetic reply
SYN-1480,T-2,1,0,0,47,0,synthetic reply
SYN-1480,T-1,1,0,0,23,0,synthetic reply
SYN-1481,T-7,1,0,1,168,0,synthetic reply
SYN-1481,T-2,1,0,2,49,0,synthetic reply
SYN-1481,T-1,1,0,1,26,0,synthetic reply
SYN-1482,T-7,0,0,2,169,0,synthetic reply
SYN-1482,T-2,0,0,2,48,1,synthetic reply
SYN-1482,T-1,0,0,2,27,1,synthetic reply
SYN-1483,T-7,1,1,0,168,0,synthetic reply
SYN-1483,T-2,1,1,0,47,0,synthetic reply
SYN-1483,T-1,1,1,0,20,0,synthetic reply
SYN-1484,T-7,0,0,1,168,0,synthetic reply
SYN-1484,T-2,0,0,1,50,0,synthetic reply
SYN-1484,T-1,0,0,1,25,1,synthetic reply
SYN-1485,T-7,1,0,0,169,0,synthetic reply
SYN-1485,T-2,1,0,0,52,0,synthetic reply
SYN-1485,T-1,1,0,0,28,0,synthetic reply
SYN-1486,T-7,0,1,1,166,0,synthetic reply
SYN-1486,T-2,0,1,2,50,0,synthetic reply
SYN-1486,T-1,0,1,1,21,1,synthetic reply
SYN-1487,T-7,1,1,1,166,0,synthetic reply
SYN-1487,T-2,1,1,1,46,1,synthetic reply
SYN-1487,T-1,1,1,1,23,0,synthetic reply
SYN-1488,T-7,0,1,2,164,1,synthetic reply
SYN-1488,T-2,0,1,2,47,0,synthetic reply
SYN-1488,T-1,0,1,2,20,1,synthetic reply
SYN-1489,T-7,0,0,2,170,0,synthetic reply
SYN-1489,T-2,0,0,3,51,1,synthetic reply
SYN-1489,T-1,0,0,2,27,0,synthetic reply
SYN-1490,T-7,0,1,0,171,1,synthetic reply
SYN-1490,T-2,0,1,0,48,1,synthetic reply
SYN-1490,T-1,0,1,0,25,1,synthetic reply
SYN-1491,T-7,0,1,2,164,0,synthetic reply
SYN-1491,T-2,0,1,2,52,1,synthetic reply
SYN-1491,T-1,0,1,3,27,1,synthetic reply
SYN-1492,T-7,0,0,3,169,0,synthetic reply
SYN-1492,T-2,1,0,3,52,1,synthetic reply
SYN-1492,T-1,1,0,3,20,0,synthetic reply
SYN-1493,T-7,1,0,1,171,0,synthetic reply
SYN-1493,T-2,1,0,1,47,0,synthetic reply
SYN-1493,T-1,1,0,1,22,0,synthetic reply
SYN-1494,T-7,0,1,1,166,1,synthetic reply
SYN-1494,T-2,0,1,1,51,0,synthetic reply
SYN-1494,T-1,0,1,1,27,0,synthetic reply
SYN-1495,T-7,0,1,2,168,1,synthetic reply
SYN-1495,T-2,0,1,2,52,1,synthetic reply
SYN-1495,T-1,0,1,2,25,1,synthetic reply
SYN-1496,T-7,0,0,1,170,1,synthetic reply
SYN-1496,T-2,0,1,1,48,1,synthetic reply
SYN-1496,T-1,0,1,1,20,1,synthetic reply
SYN-1497,T-7,1,1,0,164,1,synthetic reply
SYN-1497,T-2,1,1,0,45,0,synthetic reply
SYN-1497,T-1,1,1,1,28,1,synthetic reply
SYN-1498,T-7,0,0,1,169,0,synthetic reply
SYN-1498,T-2,0,0,2,49,0,synthetic reply
SYN-1498,T-1,0,0,1,27,0,synthetic reply
SYN-1499,T-7,1,0,1,171,0,synthetic reply
SYN-1499,T-2,1,0,0,45,0,synthetic reply
SYN-1499,T-1,1,0,1,23,0,synthetic reply
SYN-1500,T-7,1,0,1,165,0,synthetic reply
SYN-1500,T-2,1,0,1,44,0,synthetic reply
SYN-1500,T-1,1,0,1,24,1,synthetic reply
SYN-1501,T-7,0,0,1,171,0,synthetic reply
SYN-1501,T-2,1,0,1,45,0,synthetic reply
SYN-1501,T-1,1,0,1,20,1,synthetic reply
SYN-1502,T-7,0,0,1,169,1,synthetic reply
SYN-1502,T-2,1,0,1,44,0,synthetic reply
SYN-1502,T-1,1,0,1,23,1,synthetic reply
SYN-1503,T-7,0,0,1,165,0,synthetic reply
SYN-1503,T-2,0,0,0,46,0,synthetic reply
SYN-1503,T-1,0,0,0,20,0,synthetic reply
SYN-1504,T-7,1,1,0,166,0,synthetic reply
SYN-1504,T-2,1,1,0,51,1,synthetic reply
SYN-1504,T-1,1,1,0,25,0,synthetic reply
SYN-1505,T-7,1,0,3,168,1,synthetic reply
SYN-1505,T-2,1,0,3,48,1,synthetic reply
SYN-1505,T-1,1,0,2,20,0,synthetic reply
SYN-1506,T-7,0,0,1,172,0,synthetic reply
SYN-1506,T-2,1,0,1,47,0,synthetic reply
SYN-1506,T-1,1,0,1,25,0,synthetic reply
SYN-1507,T-7,0,0,1,171,0,synthetic reply
SYN-1507,T-2,0,0,1,46,0,synthetic reply
SYN-1507,T-1,0,0,1,23,1,synthetic reply
SYN-1508,T-7,1,0,0,169,0,synthetic reply
SYN-1508,T-2,1,0,0,51,0,synthetic reply
SYN-1508,T-1,1,0,0,27,0,synthetic reply
SYN-1509,T-7,0,0,2,166,0,synthetic reply
SYN-1509,T-2,0,0,3,44,1,synthetic reply
SYN-1509,T-1,0,0,3,27,1,synthetic reply
SYN-1510,T-7,1,1,1,168,0,synthetic reply
SYN-1510,T-2,1,1,1,52,0,synthetic reply
SYN-1510,T-1,1,1,1,20,0,synthetic reply
SYN-1511,T-7,0,0,2,168,0,synthetic reply
SYN-1511,T-2,0,0,1,48,1,synthetic reply
SYN-1511,T-1,0,0,1,25,1,synthetic reply
SYN-1512,T-7,0,1,2,170,0,synthetic reply
SYN-1512,T-2,0,1,2,44,1,synthetic reply
SYN-1512,T-1,0,1,2,25,1,synthetic reply
SYN-1513,T-7,1,0,2,165,0,synthetic reply
SYN-1513,T-2,1,0,2,52,1,synthetic reply
SYN-1513,T-1,1,0,2,24,0,synthetic reply
SYN-1514,T-7,0,1,2,167,1,synthetic reply
SYN-1514,T-2,1,1,2,49,0,synthetic reply
SYN-1514,T-1,1,1,2,26,0,synthetic reply
SYN-1515,T-7,0,0,1,166,1,synthetic reply
SYN-1515,T-2,0,0,1,52,0,synthetic reply
SYN-1515,T-1,0,0,1,27,0,synthetic reply
SYN-1516,T-7,0,0,0,168,0,synthetic reply
SYN-1516,T-2,1,0,0,48,0,synthetic reply
SYN-1516,T-1,1,0,0,25,0,synthetic reply
SYN-1517,T-7,1,1,2,164,0,synthetic reply
SYN-1517,T-2,1,1,2,50,1,synthetic reply
SYN-1517,T-1,1,1,2,21,0,synthetic reply
SYN-1518,T-7,0,0,2,167,0,synthetic reply
SYN-1518,T-2,0,0,3,48,0,synthetic reply
SYN-1518,T-1,0,0,2,20,1,synthetic reply
SYN-1519,T-7,0,0,1,166,0,synthetic reply
SYN-1519,T-2,0,0,1,49,1,synthetic reply
SYN-1519,T-1,1,0,0,24,0,synthetic reply
SYN-1520,T-7,1,0,0,169,0,synthetic reply
SYN-1520,T-2,1,0,0,47,0,synthetic reply
SYN-1520,T-1,1,0,0,28,0,synthetic reply
SYN-1521,T-7,0,1,2,169,1,synthetic reply
SYN-1521,T-2,0,1,2,47,0,synthetic reply
SYN-1521,T-1,0,1,2,26,1,synthetic reply
SYN-1522,T-7,1,0,2,167,0,synthetic reply
SYN-1522,T-2,1,0,2,46,0,synthetic reply
SYN-1522,T-1,1,0,2,22,0,synthetic reply
SYN-1523,T-7,0,1,1,172,1,synthetic reply
SYN-1523,T-2,0,1,2,50,1,synthetic reply
SYN-1523,T-1,0,1,1,24,0,synthetic reply
SYN-1524,T-7,0,0,1,172,0,synthetic reply
SYN-1524,T-2,0,0,0,49,0,synthetic reply
SYN-1524,T-1,0,0,1,28,0,synthetic reply
SYN-1525,T-7,1,1,1,169,0,synthetic reply
SYN-1525,T-2,1,1,1,44,0,synthetic reply
SYN-1525,T-1,1,1,2,22,1,synthetic reply
SYN-1526,T-7,1,1,2,171,0,synthetic reply
SYN-1526,T-2,1,1,2,46,0,synthetic reply
SYN-1526,T-1,1,1,2,21,0,synthetic reply
SYN-1527,T-7,0,0,0,167,0,synthetic reply
SYN-1527,T-2,0,0,1,46,0,synthetic reply
SYN-1527,T-1,0,0,0,22,0,synthetic reply
SYN-1528,T-7,0,0,0,169,0,synthetic reply
SYN-1528,T-2,0,1,1,52,1,synthetic reply
SYN-1528,T-1,0,1,0,26,1,synthetic reply
SYN-1529,T-7,0,1,1,172,1,synthetic reply
SYN-1529,T-2,0,1,0,44,1,synthetic reply
SYN-1529,T-1,0,1,1,22,1,synthetic reply
SYN-1530,T-7,1,0,1,169,0,synthetic reply
SYN-1530,T-2,1,0,1,51,1,synthetic reply
SYN-1530,T-1,1,0,1,25,0,synthetic reply
SYN-1531,T-7,0,1,1,168,1,synthetic reply
SYN-1531,T-2,0,1,1,46,0,synthetic reply
SYN-1531,T-1,0,1,1,20,0,synthetic reply
SYN-1532,T-7,0,1,1,166,0,synthetic reply
SYN-1532,T-2,1,1,1,51,1,synthetic reply
SYN-1532,T-1,1,1,1,20,0,synthetic reply
SYN-1533,T-7,1,1,2,169,0,synthetic reply
SYN-1533,T-2,1,1,3,47,0,synthetic reply
SYN-1533,T-1,1,1,2,21,1,synthetic reply
SYN-1534,T-7,1,0,2,167,0,synthetic reply
SYN-1534,T-2,1,0,2,49,1,synthetic reply
SYN-1534,T-1,1,0,2,20,1,synthetic reply
SYN-1535,T-7,0,1,1,169,0,synthetic reply
SYN-1535,T-2,1,1,1,47,0,synthetic reply
SYN-1535,T-1,1,1,1,27,0,synthetic reply
SYN-1536,T-7,0,1,1,169,1,synthetic reply
SYN-1536,T-2,0,1,1,51,0,synthetic reply
SYN-1536,T-1,0,1,1,22,1,synthetic reply
SYN-1537,T-7,1,0,0,172,0,synthetic reply
SYN-1537,T-2,1,0,1,48,0,synthetic reply
SYN-1537,T-1,1,0,0,20,0,synthetic reply
SYN-1538,T-7,0,1,1,171,0,synthetic reply
SYN-1538,T-2,0,1,1,48,0,synthetic reply
SYN-1538,T-1,0,1,1,21,1,synthetic reply
SYN-1539,T-7,0,1,1,165,0,synthetic reply
SYN-1539,T-2,0,1,2,51,1,synthetic reply
SYN-1539,T-1,1,1,1,26,0,synthetic reply
SYN-1540,T-7,0,0,2,164,1,synthetic reply
SYN-1540,T-2,0,0,2,46,1,synthetic reply
SYN-1540,T-1,0,0,2,20,1,synthetic reply
SYN-1541,T-7,1,0,2,166,0,synthetic reply
SYN-1541,T-2,1,0,2,52,0,synthetic reply
SYN-1541,T-1,1,0,2,22,1,synthetic reply
SYN-1542,T-7,0,1,1,167,1,synthetic reply
SYN-1542,T-2,0,1,1,52,0,synthetic reply
SYN-1542,T-1,0,1,1,22,0,synthetic reply
SYN-1543,T-7,1,1,0,170,0,synthetic reply
SYN-1543,T-2,1,1,0,50,0,synthetic reply
SYN-1543,T-1,1,1,1,24,0,synthetic reply
SYN-1544,T-7,0,0,1,168,0,synthetic reply
SYN-1544,T-2,0,0,1,50,0,synthetic reply
SYN-1544,T-1,0,0,1,26,0,synthetic reply
SYN-1545,T-7,1,0,1,167,0,synthetic reply
SYN-1545,T-2,1,0,1,50,0,synthetic reply
SYN-1545,T-1,1,0,1,25,0,synthetic reply
SYN-1546,T-7,1,0,2,166,0,synthetic reply
SYN-1546,T-2,1,1,2,48,1,synthetic reply
SYN-1546,T-1,1,1,2,26,0,synthetic reply
SYN-1547,T-7,0,1,0,165,0,synthetic reply
SYN-1547,T-2,0,1,0,51,1,synthetic reply
SYN-1547,T-1,0,1,0,21,1,synthetic reply
SYN-1548,T-7,0,1,1,166,1,synthetic reply
SYN-1548,T-2,0,1,1,48,1,synthetic reply
SYN-1548,T-1,0,1,1,22,1,synthetic reply
SYN-1549,T-7,0,1,0,171,1,synthetic reply
SYN-1549,T-2,0,1,0,46,0,synthetic reply
SYN-1549,T-1,0,1,0,22,1,synthetic reply
SYN-1550,T-7,0,0,3,167,1,synthetic reply
SYN-1550,T-2,1,0,2,46,0,synthetic reply
SYN-1550,T-1,1,0,2,21,0,synthetic reply
SYN-1551,T-7,0,1,2,167,0,synthetic reply
SYN-1551,T-2,0,1,2,48,0,synthetic reply
SYN-1551,T-1,1,1,2,24,0,synthetic reply
SYN-1552,T-7,0,0,0,166,0,synthetic reply
SYN-1552,T-2,1,1,0,46,0,synthetic reply
SYN-1552,T-1,1,1,0,24,0,synthetic reply
SYN-1553,T-7,1,0,0,171,0,synthetic reply
SYN-1553,T-2,1,0,0,49,0,synthetic reply
SYN-1553,T-1,1,0,1,23,0,synthetic reply
SYN-1554,T-7,1,1,2,167,0,synthetic reply
SYN-1554,T-2,1,1,3,49,1,synthetic reply
SYN-1554,T-1,1,1,2,27,0,synthetic reply
SYN-1555,T-7,0,0,2,164,0,synthetic reply
SYN-1555,T-2,0,0,1,52,1,synthetic reply
SYN-1555,T-1,0,0,1,25,1,synthetic reply
SYN-1556,T-7,1,0,2,165,0,synthetic reply
SYN-1556,T-2,1,0,2,51,0,synthetic reply
SYN-1556,T-1,1,0,2,20,0,synthetic reply
SYN-1557,T-7,0,1,0,165,0,synthetic reply
SYN-1557,T-2,0,1,0,52,1,synthetic reply
SYN-1557,T-1,0,1,0,22,1,synthetic reply
SYN-1558,T-7,0,0,2,168,1,synthetic reply
SYN-1558,T-2,0,0,2,46,1,synthetic reply
SYN-1558,T-1,0,0,3,25,0,synthetic reply
SYN-1559,T-7,1,1,2,170,1,synthetic reply
SYN-1559,T-2,1,1,3,48,1,synthetic reply
SYN-1559,T-1,1,1,2,28,0,synthetic reply
SYN-1560,T-7,0,0,2,164,0,synthetic reply
SYN-1560,T-2,0,0,1,45,1,synthetic reply
SYN-1560,T-1,0,0,1,24,0,synthetic reply
SYN-1561,T-7,0,0,0,164,0,synthetic reply
SYN-1561,T-2,0,0,1,51,0,synthetic reply
SYN-1561,T-1,0,0,0,27,0,synthetic reply
SYN-1562,T-7,1,0,0,167,1,synthetic reply
SYN-1562,T-2,1,0,0,47,0,synthetic reply
SYN-1562,T-1,1,0,0,23,0,synthetic reply
SYN-1563,T-7,0,0,2,168,1,synthetic reply
SYN-1563,T-2,0,0,2,50,0,synthetic reply
SYN-1563,T-1,0,0,2,25,1,synthetic reply
SYN-1564,T-7,0,0,2,165,0,synthetic reply
SYN-1564,T-2,0,0,1,48,1,synthetic reply
SYN-1564,T-1,0,0,1,20,1,synthetic reply
SYN-1565,T-7,1,0,0,164,0,synthetic reply
SYN-1565,T-2,1,0,0,45,0,synthetic reply
SYN-1565,T-1,1,0,0,26,0,synthetic reply
SYN-1566,T-7,1,0,0,171,0,synthetic reply
SYN-1566,T-2,1,1,0,50,0,synthetic reply
SYN-1566,T-1,1,1,0,27,0,synthetic reply
SYN-1567,T-7,0,0,1,172,0,synthetic reply
SYN-1567,T-2,0,0,1,49,0,synthetic reply
SYN-1567,T-1,0,1,1,26,1,synthetic reply
SYN-1568,T-7,1,0,0,167,0,synthetic reply
SYN-1568,T-2,1,0,0,47,1,synthetic reply
SYN-1568,T-1,1,0,0,23,0,synthetic reply
SYN-1569,T-7,0,1,1,168,0,synthetic reply
SYN-1569,T-2,0,1,1,52,0,synthetic reply
SYN-1569,T-1,0,1,1,26,1,synthetic reply
SYN-1570,T-7,0,1,2,171,1,synthetic reply
SYN-1570,T-2,0,1,2,49,1,synthetic reply
SYN-1570,T-1,0,1,2,24,1,synthetic reply
SYN-1571,T-7,1,0,2,171,0,synthetic reply
SYN-1571,T-2,1,1,2,47,0,synthetic reply
SYN-1571,T-1,1,1,2,26,1,synthetic reply
SYN-1572,T-7,0,0,2,165,0,synthetic reply
SYN-1572,T-2,0,0,2,48,1,synthetic reply
SYN-1572,T-1,0,0,2,23,1,synthetic reply
SYN-1573,T-7,0,0,3,172,0,synthetic reply
SYN-1573,T-2,0,0,3,49,0,synthetic reply
SYN-1573,T-1,0,0,3,28,1,synthetic reply
SYN-1574,T-7,0,0,2,168,0,synthetic reply
SYN-1574,T-2,1,0,2,46,1,synthetic reply
SYN-1574,T-1,1,0,2,20,0,synthetic reply
SYN-1575,T-7,0,0,1,170,0,synthetic reply
SYN-1575,T-2,0,0,2,47,1,synthetic reply
SYN-1575,T-1,0,0,2,21,1,synthetic reply
SYN-1576,T-7,1,0,0,166,0,synthetic reply
SYN-1576,T-2,1,0,0,51,0,synthetic reply
SYN-1576,T-1,1,0,1,26,0,synthetic reply
SYN-1577,T-7,1,0,0,171,0,synthetic reply
SYN-1577,T-2,1,1,0,44,1,synthetic reply
SYN-1577,T-1,1,1,0,25,0,synthetic reply
SYN-1578,T-7,0,1,2,168,0,synthetic reply
SYN-1578,T-2,0,1,2,52,1,synthetic reply
SYN-1578,T-1,0,1,2,22,1,synthetic reply
SYN-1579,T-7,0,1,1,170,0,synthetic reply
SYN-1579,T-2,0,1,1,47,1,synthetic reply
SYN-1579,T-1,0,1,2,26,0,synthetic reply
SYN-1580,T-7,0,0,0,164,0,synthetic reply
SYN-1580,T-2,0,0,0,50,0,synthetic reply
SYN-1580,T-1,0,0,0,28,0,synthetic reply
SYN-1581,T-7,0,0,2,166,1,synthetic reply
SYN-1581,T-2,0,1,2,47,1,synthetic reply
SYN-1581,T-1,0,1,2,24,0,synthetic reply
SYN-1582,T-7,0,0,1,165,0,synthetic reply
SYN-1582,T-2,0,0,1,48,0,synthetic reply
SYN-1582,T-1,0,1,1,27,1,synthetic reply
SYN-1583,T-7,1,0,1,172,0,synthetic reply
SYN-1583,T-2,1,0,1,51,0,synthetic reply
SYN-1583,T-1,1,0,2,26,0,synthetic reply
SYN-1584,T-7,1,1,1,169,0,synthetic reply
SYN-1584,T-2,1,1,2,48,1,synthetic reply
SYN-1584,T-1,1,1,1,24,0,synthetic reply
SYN-1585,T-7,1,1,0,170,0,synthetic reply
SYN-1585,T-2,1,1,0,44,0,synthetic reply
SYN-1585,T-1,1,1,0,24,0,synthetic reply
SYN-1586,T-7,0,0,1,171,0,synthetic reply
SYN-1586,T-2,1,0,0,50,0,synthetic reply
SYN-1586,T-1,1,0,0,26,0,synthetic reply
SYN-1587,T-7,1,0,2,170,0,synthetic reply
SYN-1587,T-2,1,0,1,45,0,synthetic reply
SYN-1587,T-1,1,0,1,25,0,synthetic reply
SYN-1588,T-7,1,0,1,164,1,synthetic reply
SYN-1588,T-2,1,0,1,48,0,synthetic reply
SYN-1588,T-1,1,0,2,25,1,synthetic reply
SYN-1589,T-7,1,0,1,170,0,synthetic reply
SYN-1589,T-2,1,0,1,44,0,synthetic reply
SYN-1589,T-1,1,0,1,23,0,synthetic reply
SYN-1590,T-7,0,0,1,166,0,synthetic reply
SYN-1590,T-2,0,0,1,50,0,synthetic reply
SYN-1590,T-1,0,0,1,23,0,synthetic reply
SYN-1591,T-7,0,0,1,164,0,synthetic reply
SYN-1591,T-2,0,0,1,50,0,synthetic reply
SYN-1591,T-1,0,0,2,28,0,synthetic reply
SYN-1592,T-7,1,1,1,167,1,synthetic reply
SYN-1592,T-2,1,1,1,46,1,synthetic reply
SYN-1592,T-1,1,1,1,27,1,synthetic reply
SYN-1593,T-7,1,0,0,170,0,synthetic reply
SYN-1593,T-2,1,0,0,52,0,synthetic reply
SYN-1593,T-1,1,0,1,25,1,synthetic reply
SYN-1594,T-7,0,1,0,166,0,synthetic reply
SYN-1594,T-2,0,1,0,47,1,synthetic reply
SYN-1594,T-1,1,1,0,28,1,synthetic reply
SYN-1595,T-7,0,0,2,167,1,synthetic reply
SYN-1595,T-2,0,0,2,47,1,synthetic reply
SYN-1595,T-1,0,0,3,24,1,synthetic reply
SYN-1596,T-7,0,1,1,166,1,synthetic reply
SYN-1596,T-2,1,1,2,45,1,synthetic reply
SYN-1596,T-1,1,1,1,27,0,synthetic reply
SYN-1597,T-7,0,0,1,168,0,synthetic reply
SYN-1597,T-2,0,0,1,52,0,synthetic reply
SYN-1597,T-1,0,0,0,25,1,synthetic reply
SYN-1598,T-7,0,0,0,164,0,synthetic reply
SYN-1598,T-2,1,0,1,47,1,synthetic reply
SYN-1598,T-1,1,0,0,22,0,synthetic reply
SYN-1599,T-7,0,0,1,171,0,synthetic reply
SYN-1599,T-2,0,0,1,51,1,synthetic reply
SYN-1599,T-1,0,1,1,24,1,synthetic reply
SYN-1600,T-7,0,1,2,167,0,synthetic reply
SYN-1600,T-2,0,1,3,50,1,synthetic reply
SYN-1600,T-1,0,1,2,26,1,synthetic reply
SYN-1601,T-7,0,1,0,166,0,synthetic reply
SYN-1601,T-2,0,1,0,49,0,synthetic reply
SYN-1601,T-1,0,1,0,25,0,synthetic reply
SYN-1602,T-7,1,0,1,167,0,synthetic reply
SYN-1602,T-2,1,0,1,49,0,synthetic reply
SYN-1602,T-1,1,0,1,25,0,synthetic reply
SYN-1603,T-7,0,0,2,167,1,synthetic reply
SYN-1603,T-2,0,0,2,51,1,synthetic reply
SYN-1603,T-1,0,0,1,21,1,synthetic reply
SYN-1604,T-7,0,1,2,169,1,synthetic reply
SYN-1604,T-2,0,1,1,52,1,synthetic reply
SYN-1604,T-1,0,1,1,25,1,synthetic reply
SYN-1605,T-7,0,0,1,167,0,synthetic reply
SYN-1605,T-2,0,0,1,51,0,synthetic reply
SYN-1605,T-1,0,0,1,23,0,synthetic reply
SYN-1606,T-7,1,1,0,164,0,synthetic reply
SYN-1606,T-2,1,1,0,48,1,synthetic reply
SYN-1606,T-1,1,1,0,22,0,synthetic reply
SYN-1607,T-7,1,1,2,172,1,synthetic reply
SYN-1607,T-2,1,1,2,49,0,synthetic reply
SYN-1607,T-1,1,1,2,28,1,synthetic reply
SYN-1608,T-7,1,0,2,171,0,synthetic reply
SYN-1608,T-2,1,0,2,52,0,synthetic reply
SYN-1608,T-1,1,0,2,24,0,synthetic reply
SYN-1609,T-7,0,0,1,169,0,synthetic reply
SYN-1609,T-2,0,0,1,52,0,synthetic reply
SYN-1609,T-1,0,0,1,27,1,synthetic reply
SYN-1610,T-7,0,0,0,170,0,synthetic reply
SYN-1610,T-2,0,0,1,51,1,synthetic reply
SYN-1610,T-1,0,0,0,26,0,synthetic reply
SYN-1611,T-7,0,1,0,169,0,synthetic reply
SYN-1611,T-2,1,1,1,47,1,synthetic reply
SYN-1611,T-1,1,1,1,23,0,synthetic reply
SYN-1612,T-7,0,0,1,171,0,synthetic reply
SYN-1612,T-2,0,0,2,52,1,synthetic reply
SYN-1612,T-1,0,0,1,24,1,synthetic reply
SYN-1613,T-7,0,0,3,167,0,synthetic reply
SYN-1613,T-2,0,0,2,47,0,synthetic reply
SYN-1613,T-1,0,0,2,22,1,synthetic reply
SYN-1614,T-7,0,0,2,166,0,synthetic reply
SYN-1614,T-2,0,0,2,45,0,synthetic reply
SYN-1614,T-1,0,0,2,24,0,synthetic reply
SYN-1615,T-7,1,0,2,169,1,synthetic reply
SYN-1615,T-2,1,1,2,46,0,synthetic reply
SYN-1615,T-1,1,1,2,22,0,synthetic reply
SYN-1616,T-7,0,1,0,170,1,synthetic reply
SYN-1616,T-2,0,1,0,48,0,synthetic reply
SYN-1616,T-1,0,1,0,28,1,synthetic reply
SYN-1617,T-7,1,1,0,164,0,synthetic reply
SYN-1617,T-2,1,1,0,50,0,synthetic reply
SYN-1617,T-1,1,1,0,23,0,synthetic reply
SYN-1618,T-7,0,0,2,165,0,synthetic reply
SYN-1618,T-2,0,0,2,46,0,synthetic reply
SYN-1618,T-1,0,0,2,26,0,synthetic reply
SYN-1619,T-7,0,1,2,166,0,synthetic reply
SYN-1619,T-2,0,1,1,45,1,synthetic reply
SYN-1619,T-1,0,1,2,26,1,synthetic reply
SYN-1620,T-7,0,0,2,167,0,synthetic reply
SYN-1620,T-2,0,0,2,45,0,synthetic reply
SYN-1620,T-1,0,0,2,26,0,synthetic reply
SYN-1621,T-7,0,0,0,168,0,synthetic reply
SYN-1621,T-2,0,0,1,48,1,synthetic reply
SYN-1621,T-1,0,0,0,21,0,synthetic reply
SYN-1622,T-7,0,1,0,169,0,synthetic reply
SYN-1622,T-2,0,1,0,51,0,synthetic reply
SYN-1622,T-1,1,1,0,22,1,synthetic reply
SYN-1623,T-7,0,0,1,164,0,synthetic reply
SYN-1623,T-2,0,0,1,47,1,synthetic reply
SYN-1623,T-1,0,0,1,24,1,synthetic reply
SYN-1624,T-7,1,0,2,168,0,synthetic reply
SYN-1624,T-2,1,0,1,44,0,synthetic reply
SYN-1624,T-1,1,1,2,26,0,synthetic reply
SYN-1625,T-7,0,1,0,167,1,synthetic reply
SYN-1625,T-2,0,1,0,52,1,synthetic reply
SYN-1625,T-1,1,1,1,22,0,synthetic reply
SYN-1626,T-7,1,0,0,165,0,synthetic reply
SYN-1626,T-2,1,0,0,49,1,synthetic reply
SYN-1626,T-1,1,0,1,25,0,synthetic reply
SYN-1627,T-7,1,1,1,170,1,synthetic reply
SYN-1627,T-2,1,1,0,51,0,synthetic reply
SYN-1627,T-1,1,1,0,21,1,synthetic reply
SYN-1628,T-7,0,0,3,170,1,synthetic reply
SYN-1628,T-2,0,0,2,46,1,synthetic reply
SYN-1628,T-1,1,0,2,22,0,synthetic reply
SYN-1629,T-7,1,0,1,172,0,synthetic reply
SYN-1629,T-2,1,0,1,48,0,synthetic reply
SYN-1629,T-1,1,0,1,22,0,synthetic reply
SYN-1630,T-7,1,0,2,172,0,synthetic reply
SYN-1630,T-2,1,0,2,46,1,synthetic reply
SYN-1630,T-1,1,0,2,23,0,synthetic reply
SYN-1631,T-7,0,0,0,169,0,synthetic reply
SYN-1631,T-2,0,0,0,48,1,synthetic reply
SYN-1631,T-1,0,0,0,21,0,synthetic reply
SYN-1632,T-7,0,1,3,167,0,synthetic reply
SYN-1632,T-2,0,1,2,50,1,synthetic reply
SYN-1632,T-1,0,1,2,26,1,synthetic reply
SYN-1633,T-7,0,0,2,169,0,synthetic reply
SYN-1633,T-2,1,0,3,45,0,synthetic reply
SYN-1633,T-1,1,0,2,22,0,synthetic reply
SYN-1634,T-7,0,1,2,165,0,synthetic reply
SYN-1634,T-2,0,1,2,51,1,synthetic reply
SYN-1634,T-1,1,1,3,24,0,synthetic reply
SYN-1635,T-7,0,1,0,164,1,synthetic reply
SYN-1635,T-2,0,1,0,47,1,synthetic reply
SYN-1635,T-1,0,1,1,23,1,synthetic reply
SYN-1636,T-7,0,0,1,167,0,synthetic reply
SYN-1636,T-2,0,0,1,46,1,synthetic reply
SYN-1636,T-1,0,0,2,23,1,synthetic reply
SYN-1637,T-7,1,1,2,169,0,synthetic reply
SYN-1637,T-2,1,1,2,47,1,synthetic reply
SYN-1637,T-1,1,1,2,27,1,synthetic reply
SYN-1638,T-7,1,0,1,166,1,synthetic reply
SYN-1638,T-2,1,0,1,46,0,synthetic reply
SYN-1638,T-1,1,1,1,26,1,synthetic reply
SYN-1639,T-7,1,1,1,165,0,synthetic reply
SYN-1639,T-2,1,1,2,51,1,synthetic reply
SYN-1639,T-1,1,1,2,20,1,synthetic reply
SYN-1640,T-7,0,1,2,172,1,synthetic reply
SYN-1640,T-2,0,1,2,47,1,synthetic reply
SYN-1640,T-1,0,1,2,21,1,synthetic reply
SYN-1641,T-7,0,1,3,170,1,synthetic reply
SYN-1641,T-2,0,1,2,52,1,synthetic reply
SYN-1641,T-1,0,1,2,20,0,synthetic reply
SYN-1642,T-7,0,0,1,165,0,synthetic reply
SYN-1642,T-2,0,0,1,52,1,synthetic reply
SYN-1642,T-1,0,0,1,20,0,synthetic reply
SYN-1643,T-7,0,0,1,165,1,synthetic reply
SYN-1643,T-2,1,0,1,51,0,synthetic reply
SYN-1643,T-1,1,0,1,24,0,synthetic reply
SYN-1644,T-7,0,0,0,168,1,synthetic reply
SYN-1644,T-2,0,0,1,50,1,synthetic reply
SYN-1644,T-1,0,0,0,20,1,synthetic reply
SYN-1645,T-7,1,0,3,164,1,synthetic reply
SYN-1645,T-2,1,0,2,47,0,synthetic reply
SYN-1645,T-1,1,0,2,20,0,synthetic reply
SYN-1646,T-7,1,0,1,166,0,synthetic reply
SYN-1646,T-2,1,0,2,44,0,synthetic reply
SYN-1646,T-1,1,0,1,25,0,synthetic reply
SYN-1647,T-7,1,0,3,170,0,synthetic reply
SYN-1647,T-2,1,1,2,52,1,synthetic reply
SYN-1647,T-1,1,1,2,20,1,synthetic reply
SYN-1648,T-7,0,0,1,167,0,synthetic reply
SYN-1648,T-2,1,0,1,52,0,synthetic reply
SYN-1648,T-1,1,0,1,28,0,synthetic reply
SYN-1649,T-7,0,0,2,165,0,synthetic reply
SYN-1649,T-2,0,0,2,52,0,synthetic reply
SYN-1649,T-1,0,0,3,24,1,synthetic reply
SYN-1650,T-7,0,0,1,165,0,synthetic reply
SYN-1650,T-2,0,0,1,46,0,synthetic reply
SYN-1650,T-1,1,0,1,23,1,synthetic reply
SYN-1651,T-7,0,0,1,169,0,synthetic reply
SYN-1651,T-2,0,0,1,45,1,synthetic reply
SYN-1651,T-1,0,0,1,21,1,synthetic reply
SYN-1652,T-7,1,1,1,168,0,synthetic reply
SYN-1652,T-2,1,1,1,44,0,synthetic reply
SYN-1652,T-1,1,1,1,22,0,synthetic reply
SYN-1653,T-7,0,0,2,165,0,synthetic reply
SYN-1653,T-2,1,0,1,49,1,synthetic reply
SYN-1653,T-1,1,0,2,24,1,synthetic reply
SYN-1654,T-7,0,0,0,172,0,synthetic reply
SYN-1654,T-2,0,0,1,45,1,synthetic reply
SYN-1654,T-1,0,0,0,24,0,synthetic reply
SYN-1655,T-7,1,1,0,168,1,synthetic reply
SYN-1655,T-2,1,1,0,46,1,synthetic reply
SYN-1655,T-1,1,1,0,26,1,synthetic reply
SYN-1656,T-7,0,1,3,168,1,synthetic reply
SYN-1656,T-2,1,1,2,47,1,synthetic reply
SYN-1656,T-1,1,1,2,27,0,synthetic reply
SYN-1657,T-7,1,0,2,171,0,synthetic reply
SYN-1657,T-2,1,1,3,49,0,synthetic reply
SYN-1657,T-1,1,1,3,22,1,synthetic reply
SYN-1658,T-7,1,0,2,164,0,synthetic reply
SYN-1658,T-2,1,0,2,46,0,synthetic reply
SYN-1658,T-1,1,0,2,27,0,synthetic reply
SYN-1659,T-7,0,1,1,172,1,synthetic reply
SYN-1659,T-2,1,1,1,45,0,synthetic reply
SYN-1659,T-1,1,1,1,26,0,synthetic reply
SYN-1660,T-7,0,1,3,168,0,synthetic reply
SYN-1660,T-2,0,1,2,51,0,synthetic reply
SYN-1660,T-1,0,1,2,22,1,synthetic reply
SYN-1661,T-7,1,0,0,172,0,synthetic reply
SYN-1661,T-2,1,0,0,46,0,synthetic reply
SYN-1661,T-1,1,0,0,22,0,synthetic reply
SYN-1662,T-7,1,0,0,165,0,synthetic reply
SYN-1662,T-2,1,0,0,50,1,synthetic reply
SYN-1662,T-1,1,0,0,28,0,synthetic reply
SYN-1663,T-7,0,1,2,170,1,synthetic reply
SYN-1663,T-2,0,1,2,44,1,synthetic reply
SYN-1663,T-1,0,1,2,20,0,synthetic reply
SYN-1664,T-7,1,0,1,169,0,synthetic reply
SYN-1664,T-2,1,0,1,50,0,synthetic reply
SYN-1664,T-1,1,0,1,26,0,synthetic reply
SYN-1665,T-7,1,0,2,171,0,synthetic reply
SYN-1665,T-2,1,0,2,45,1,synthetic reply
SYN-1665,T-1,1,0,2,22,1,synthetic reply
SYN-1666,T-7,1,0,1,171,0,synthetic reply
SYN-1666,T-2,1,0,2,52,0,synthetic reply
SYN-1666,T-1,1,0,1,28,1,synthetic reply
SYN-1667,T-7,1,1,0,164,0,synthetic reply
SYN-1667,T-2,1,1,0,49,1,synthetic reply
SYN-1667,T-1,1,1,1,25,0,synthetic reply
SYN-1668,T-7,0,0,2,166,1,synthetic reply
SYN-1668,T-2,0,1,3,47,1,synthetic reply
SYN-1668,T-1,0,1,2,21,1,synthetic reply
SYN-1669,T-7,0,0,1,166,0,synthetic reply
SYN-1669,T-2,0,0,1,52,0,synthetic reply
SYN-1669,T-1,0,0,1,27,0,synthetic reply
SYN-1670,T-7,1,1,2,165,0,synthetic reply
SYN-1670,T-2,1,1,2,50,1,synthetic reply
SYN-1670,T-1,1,1,2,23,0,synthetic reply
SYN-1671,T-7,1,0,1,164,0,synthetic reply
SYN-1671,T-2,1,0,1,45,0,synthetic reply
SYN-1671,T-1,1,0,1,23,0,synthetic reply
SYN-1672,T-7,0,1,0,166,1,synthetic reply
SYN-1672,T-2,1,1,0,44,0,synthetic reply
SYN-1672,T-1,1,1,0,23,0,synthetic reply
SYN-1673,T-7,0,1,2,168,0,synthetic reply
SYN-1673,T-2,0,1,2,50,0,synthetic reply
SYN-1673,T-1,0,1,2,26,1,synthetic reply
SYN-1674,T-7,1,1,2,165,1,synthetic reply
SYN-1674,T-2,1,1,1,46,0,synthetic reply
SYN-1674,T-1,1,1,1,25,1,synthetic reply
SYN-1675,T-7,1,0,0,168,0,synthetic reply
SYN-1675,T-2,1,0,0,51,1,synthetic reply
SYN-1675,T-1,1,1,0,28,1,synthetic reply
SYN-1676,T-7,1,0,0,171,1,synthetic reply
SYN-1676,T-2,1,0,0,44,0,synthetic reply
SYN-1676,T-1,1,0,1,28,0,synthetic reply
SYN-1677,T-7,1,0,0,164,0,synthetic reply
SYN-1677,T-2,1,0,0,49,0,synthetic reply
SYN-1677,T-1,1,0,0,21,0,synthetic reply
SYN-1678,T-7,0,0,1,165,0,synthetic reply
SYN-1678,T-2,0,0,1,50,0,synthetic reply
SYN-1678,T-1,0,0,2,28,1,synthetic reply
SYN-1679,T-7,1,0,2,169,1,synthetic reply
SYN-1679,T-2,1,0,2,48,1,synthetic reply
SYN-1679,T-1,1,0,2,25,1,synthetic reply
SYN-1680,T-7,0,0,2,167,0,synthetic reply
SYN-1680,T-2,0,0,2,51,1,synthetic reply
SYN-1680,T-1,0,0,2,27,0,synthetic reply
SYN-1681,T-7,1,1,0,172,1,synthetic reply
SYN-1681,T-2,1,1,0,51,0,synthetic reply
SYN-1681,T-1,1,1,0,25,0,synthetic reply
SYN-1682,T-7,1,0,0,170,0,synthetic reply
SYN-1682,T-2,1,0,0,49,0,synthetic reply
SYN-1682,T-1,1,0,1,20,1,synthetic reply
SYN-1683,T-7,1,0,2,164,0,synthetic reply
SYN-1683,T-2,1,0,2,48,1,synthetic reply
SYN-1683,T-1,1,1,2,27,0,synthetic reply
SYN-1684,T-7,0,0,1,169,1,synthetic reply
SYN-1684,T-2,0,0,2,48,0,synthetic reply
SYN-1684,T-1,0,0,2,24,1,synthetic reply
SYN-1685,T-7,1,0,2,166,0,synthetic reply
SYN-1685,T-2,1,0,2,50,0,synthetic reply
SYN-1685,T-1,1,0,2,21,0,synthetic reply
SYN-1686,T-7,0,0,0,170,0,synthetic reply
SYN-1686,T-2,1,0,0,46,0,synthetic reply
SYN-1686,T-1,1,0,0,22,0,synthetic reply
SYN-1687,T-7,1,0,3,171,1,synthetic reply
SYN-1687,T-2,1,0,2,49,0,synthetic reply
SYN-1687,T-1,1,0,2,24,1,synthetic reply
SYN-1688,T-7,1,0,1,168,1,synthetic reply
SYN-1688,T-2,1,0,1,46,0,synthetic reply
SYN-1688,T-1,1,0,1,22,0,synthetic reply
SYN-1689,T-7,1,0,3,165,0,synthetic reply
SYN-1689,T-2,1,0,2,49,0,synthetic reply
SYN-1689,T-1,1,0,2,26,0,synthetic reply
SYN-1690,T-7,0,0,1,167,0,synthetic reply
SYN-1690,T-2,1,0,0,51,1,synthetic reply
SYN-1690,T-1,1,0,0,22,0,synthetic reply
SYN-1691,T-7,1,0,1,170,0,synthetic reply
SYN-1691,T-2,1,0,1,47,0,synthetic reply
SYN-1691,T-1,1,0,1,27,0,synthetic reply
SYN-1692,T-7,1,0,2,164,0,synthetic reply
SYN-1692,T-2,1,0,2,44,0,synthetic reply
SYN-1692,T-1,1,1,2,21,1,synthetic reply
SYN-1693,T-7,0,1,1,167,1,synthetic reply
SYN-1693,T-2,0,1,1,46,1,synthetic reply
SYN-1693,T-1,1,1,1,26,1,synthetic reply
SYN-1694,T-7,0,1,1,168,0,synthetic reply
SYN-1694,T-2,1,1,1,49,1,synthetic reply
SYN-1694,T-1,1,1,1,21,0,synthetic reply
SYN-1695,T-7,1,0,1,168,0,synthetic reply
SYN-1695,T-2,1,0,1,51,0,synthetic reply
SYN-1695,T-1,1,1,1,22,0,synthetic reply
SYN-1696,T-7,1,0,3,168,0,synthetic reply
SYN-1696,T-2,1,0,2,49,0,synthetic reply
SYN-1696,T-1,1,0,2,21,1,synthetic reply
SYN-1697,T-7,1,1,2,171,0,synthetic reply
SYN-1697,T-2,1,1,2,44,0,synthetic reply
SYN-1697,T-1,1,1,2,23,1,synthetic reply
SYN-1698,T-7,1,0,1,166,0,synthetic reply
SYN-1698,T-2,1,1,1,50,0,synthetic reply
SYN-1698,T-1,1,1,1,28,1,synthetic reply
SYN-1699,T-7,1,0,3,167,0,synthetic reply
SYN-1699,T-2,1,0,2,49,1,synthetic reply
SYN-1699,T-1,1,0,2,27,1,synthetic reply
SYN-1700,T-7,1,1,0,168,0,synthetic reply
SYN-1700,T-2,1,1,0,47,0,synthetic reply
SYN-1700,T-1,1,1,0,25,0,synthetic reply
SYN-1701,T-7,1,1,3,167,0,synthetic reply
SYN-1701,T-2,1,1,3,48,1,synthetic reply
SYN-1701,T-1,1,1,2,25,0,synthetic reply
SYN-1702,T-7,1,0,2,171,0,synthetic reply
SYN-1702,T-2,1,0,2,50,0,synthetic reply
SYN-1702,T-1,1,0,3,28,1,synthetic reply
SYN-1703,T-7,0,0,2,172,0,synthetic reply
SYN-1703,T-2,0,1,1,50,0,synthetic reply
SYN-1703,T-1,0,1,1,21,1,synthetic reply
SYN-1704,T-7,0,0,2,170,1,synthetic reply
SYN-1704,T-2,0,0,2,48,1,synthetic reply
SYN-1704,T-1,0,0,2,27,1,synthetic reply
SYN-1705,T-7,1,1,3,167,0,synthetic reply
SYN-1705,T-2,1,1,2,46,1,synthetic reply
SYN-1705,T-1,1,1,2,23,0,synthetic reply
SYN-1706,T-7,0,0,2,171,1,synthetic reply
SYN-1706,T-2,0,0,2,51,1,synthetic reply
SYN-1706,T-1,0,0,3,26,1,synthetic reply
SYN-1707,T-7,0,0,0,164,0,synthetic reply
SYN-1707,T-2,1,0,0,48,1,synthetic reply
SYN-1707,T-1,1,0,0,28,0,synthetic reply
SYN-1708,T-7,0,0,2,168,0,synthetic reply
SYN-1708,T-2,0,0,3,47,0,synthetic reply
SYN-1708,T-1,0,0,3,23,0,synthetic reply
SYN-1709,T-7,0,1,1,166,1,synthetic reply
SYN-1709,T-2,1,1,1,49,0,synthetic reply
SYN-1709,T-1,1,1,1,28,0,synthetic reply
SYN-1710,T-7,0,1,2,171,1,synthetic reply
SYN-1710,T-2,0,1,2,47,1,synthetic reply
SYN-1710,T-1,1,1,2,24,0,synthetic reply
SYN-1711,T-7,1,1,2,165,0,synthetic reply
SYN-1711,T-2,1,1,2,45,1,synthetic reply
SYN-1711,T-1,1,1,2,23,1,synthetic reply
SYN-1712,T-7,0,1,1,171,1,synthetic reply
SYN-1712,T-2,0,1,2,45,0,synthetic reply
SYN-1712,T-1,0,1,1,27,1,synthetic reply
SYN-1713,T-7,1,1,2,170,0,synthetic reply
SYN-1713,T-2,1,1,3,44,1,synthetic reply
SYN-1713,T-1,1,1,2,25,0,synthetic reply
SYN-1714,T-7,1,0,0,169,0,synthetic reply
SYN-1714,T-2,1,0,1,47,0,synthetic reply
SYN-1714,T-1,1,0,0,24,0,synthetic reply
SYN-1715,T-7,0,1,2,171,0,synthetic reply
SYN-1715,T-2,0,1,1,50,0,synthetic reply
SYN-1715,T-1,0,1,1,26,0,synthetic reply
SYN-1716,T-7,0,1,3,168,1,synthetic reply
SYN-1716,T-2,1,1,2,45,1,synthetic reply
SYN-1716,T-1,1,1,2,23,1,synthetic reply
SYN-1717,T-7,1,1,2,170,0,synthetic reply
SYN-1717,T-2,1,1,2,50,1,synthetic reply
SYN-1717,T-1,1,1,3,20,1,synthetic reply
SYN-1718,T-7,1,0,2,171,0,synthetic reply
SYN-1718,T-2,1,1,2,46,1,synthetic reply
SYN-1718,T-1,1,1,3,23,0,synthetic reply
SYN-1719,T-7,0,0,1,166,0,synthetic reply
SYN-1719,T-2,0,0,1,51,1,synthetic reply
SYN-1719,T-1,0,0,1,22,1,synthetic reply
SYN-1720,T-7,1,1,2,167,1,synthetic reply
SYN-1720,T-2,1,1,2,46,1,synthetic reply
SYN-1720,T-1,1,1,2,20,0,synthetic reply
SYN-1721,T-7,1,1,0,165,0,synthetic reply
SYN-1721,T-2,1,1,1,45,0,synthetic reply
SYN-1721,T-1,1,1,0,21,1,synthetic reply
SYN-1722,T-7,0,1,2,170,1,synthetic reply
SYN-1722,T-2,0,1,2,44,1,synthetic reply
SYN-1722,T-1,0,1,2,21,1,synthetic reply
SYN-1723,T-7,1,1,0,167,1,synthetic reply
SYN-1723,T-2,1,1,0,46,0,synthetic reply
SYN-1723,T-1,1,1,0,22,0,synthetic reply
SYN-1724,T-7,1,1,2,172,0,synthetic reply
SYN-1724,T-2,1,1,2,44,0,synthetic reply
SYN-1724,T-1,1,1,2,21,0,synthetic reply
SYN-1725,T-7,1,0,1,164,0,synthetic reply
SYN-1725,T-2,1,0,1,45,0,synthetic reply
SYN-1725,T-1,1,0,2,20,0,synthetic reply
SYN-1726,T-7,0,0,1,168,0,synthetic reply
SYN-1726,T-2,0,0,1,49,0,synthetic reply
SYN-1726,T-1,0,0,1,27,1,synthetic reply
SYN-1727,T-7,0,0,2,170,1,synthetic reply
SYN-1727,T-2,1,0,2,50,0,synthetic reply
SYN-1727,T-1,1,0,2,23,0,synthetic reply
SYN-1728,T-7,1,1,1,166,1,synthetic reply
SYN-1728,T-2,1,1,1,45,0,synthetic reply
SYN-1728,T-1,1,1,1,20,0,synthetic reply
SYN-1729,T-7,1,0,0,168,0,synthetic reply
SYN-1729,T-2,1,0,0,48,1,synthetic reply
SYN-1729,T-1,1,0,0,20,0,synthetic reply
SYN-1730,T-7,1,1,2,172,1,synthetic reply
SYN-1730,T-2,1,1,2,47,1,synthetic reply
SYN-1730,T-1,1,1,3,27,1,synthetic reply
SYN-1731,T-7,1,0,2,169,0,synthetic reply
SYN-1731,T-2,1,0,3,49,1,synthetic reply
SYN-1731,T-1,1,0,2,28,1,synthetic reply
SYN-1732,T-7,0,0,1,169,1,synthetic reply
SYN-1732,T-2,0,0,2,46,1,synthetic reply
SYN-1732,T-1,0,0,1,27,1,synthetic reply
SYN-1733,T-7,0,1,2,172,1,synthetic reply
SYN-1733,T-2,0,1,2,52,1,synthetic reply
SYN-1733,T-1,0,1,2,24,1,synthetic reply
SYN-1734,T-7,0,0,2,171,1,synthetic reply
SYN-1734,T-2,0,0,2,50,0,synthetic reply
SYN-1734,T-1,1,0,2,22,1,synthetic reply
SYN-1735,T-7,0,0,2,170,0,synthetic reply
SYN-1735,T-2,0,0,2,45,0,synthetic reply
SYN-1735,T-1,0,0,2,28,0,synthetic reply
SYN-1736,T-7,0,0,0,167,1,synthetic reply
SYN-1736,T-2,0,1,0,52,1,synthetic reply
SYN-1736,T-1,0,1,1,25,0,synthetic reply
SYN-1737,T-7,0,1,0,172,0,synthetic reply
SYN-1737,T-2,0,1,0,49,0,synthetic reply
SYN-1737,T-1,0,1,0,20,0,synthetic reply
SYN-1738,T-7,0,0,1,172,0,synthetic reply
SYN-1738,T-2,1,0,1,45,0,synthetic reply
SYN-1738,T-1,1,0,2,25,0,synthetic reply
SYN-1739,T-7,1,0,2,169,0,synthetic reply
SYN-1739,T-2,1,1,2,50,0,synthetic reply
SYN-1739,T-1,1,1,2,23,0,synthetic reply
SYN-1740,T-7,1,0,2,166,0,synthetic reply
SYN-1740,T-2,1,0,2,51,1,synthetic reply
SYN-1740,T-1,1,0,2,25,0,synthetic reply
SYN-1741,T-7,0,0,1,164,0,synthetic reply
SYN-1741,T-2,0,0,1,51,1,synthetic reply
SYN-1741,T-1,0,0,1,27,1,synthetic reply
SYN-1742,T-7,0,1,0,166,0,synthetic reply
SYN-1742,T-2,0,1,0,50,0,synthetic reply
SYN-1742,T-1,0,1,0,20,1,synthetic reply
SYN-1743,T-7,1,0,0,170,1,synthetic reply
SYN-1743,T-2,1,0,0,49,0,synthetic reply
SYN-1743,T-1,1,0,1,24,1,synthetic reply
SYN-1744,T-7,1,1,0,169,0,synthetic reply
SYN-1744,T-2,1,1,0,52,1,synthetic reply
SYN-1744,T-1,1,1,0,25,1,synthetic reply
SYN-1745,T-7,0,0,0,169,0,synthetic reply
SYN-1745,T-2,0,1,1,51,0,synthetic reply
SYN-1745,T-1,0,1,0,26,0,synthetic reply
SYN-1746,T-7,0,0,2,164,0,synthetic reply
SYN-1746,T-2,0,0,1,48,1,synthetic reply
SYN-1746,T-1,0,0,1,23,1,synthetic reply
SYN-1747,T-7,0,0,2,166,0,synthetic reply
SYN-1747,T-2,1,0,2,51,1,synthetic reply
SYN-1747,T-1,1,0,2,22,0,synthetic reply
SYN-1748,T-7,1,0,0,170,0,synthetic reply
SYN-1748,T-2,1,0,0,50,0,synthetic reply
SYN-1748,T-1,1,0,0,25,0,synthetic reply
SYN-1749,T-7,1,0,0,166,0,synthetic reply
SYN-1749,T-2,1,0,0,51,0,synthetic reply
SYN-1749,T-1,1,0,0,20,0,synthetic reply
SYN-1750,T-7,1,1,0,169,0,synthetic reply
SYN-1750,T-2,1,1,0,47,0,synthetic reply
SYN-1750,T-1,1,1,0,28,1,synthetic reply
SYN-1751,T-7,0,0,2,165,0,synthetic reply
SYN-1751,T-2,0,0,1,47,0,synthetic reply
SYN-1751,T-1,0,0,1,25,0,synthetic reply
SYN-1752,T-7,1,1,2,165,0,synthetic reply
SYN-1752,T-2,1,1,1,45,0,synthetic reply
SYN-1752,T-1,1,1,2,20,1,synthetic reply
SYN-1753,T-7,0,1,3,169,1,synthetic reply
SYN-1753,T-2,0,1,2,52,1,synthetic reply
SYN-1753,T-1,0,1,2,20,1,synthetic reply
SYN-1754,T-7,0,1,2,167,0,synthetic reply
SYN-1754,T-2,0,1,2,49,1,synthetic reply
SYN-1754,T-1,1,1,1,20,0,synthetic reply
SYN-1755,T-7,1,1,1,169,0,synthetic reply
SYN-1755,T-2,1,1,1,45,0,synthetic reply
SYN-1755,T-1,1,1,2,21,1,synthetic reply
SYN-1756,T-7,1,0,1,169,0,synthetic reply
SYN-1756,T-2,1,0,2,52,0,synthetic reply
SYN-1756,T-1,1,0,1,21,1,synthetic reply
SYN-1757,T-7,1,1,1,169,0,synthetic reply
SYN-1757,T-2,1,1,0,45,0,synthetic reply
SYN-1757,T-1,1,1,0,21,0,synthetic reply
SYN-1758,T-7,0,0,0,171,0,synthetic reply
SYN-1758,T-2,0,0,0,46,0,synthetic reply
SYN-1758,T-1,0,0,0,27,1,synthetic reply
SYN-1759,T-7,1,0,1,169,0,synthetic reply
SYN-1759,T-2,1,0,1,45,0,synthetic reply
SYN-1759,T-1,1,0,1,23,0,synthetic reply
SYN-1760,T-7,0,0,0,172,0,synthetic reply
SYN-1760,T-2,0,0,1,47,0,synthetic reply
SYN-1760,T-1,0,0,0,24,0,synthetic reply
SYN-1761,T-7,1,0,1,172,0,synthetic reply
SYN-1761,T-2,1,1,1,47,1,synthetic reply
SYN-1761,T-1,1,1,1,28,1,synthetic reply
SYN-1762,T-7,1,1,3,169,0,synthetic reply
SYN-1762,T-2,1,1,2,50,0,synthetic reply
SYN-1762,T-1,1,1,3,25,1,synthetic reply
SYN-1763,T-7,0,1,1,166,1,synthetic reply
SYN-1763,T-2,0,1,1,52,1,synthetic reply
SYN-1763,T-1,0,1,1,27,0,synthetic reply
SYN-1764,T-7,0,1,3,168,1,synthetic reply
SYN-1764,T-2,0,1,2,48,1,synthetic reply
SYN-1764,T-1,0,1,2,25,1,synthetic reply
SYN-1765,T-7,1,0,0,168,0,synthetic reply
SYN-1765,T-2,1,0,0,46,0,synthetic reply
SYN-1765,T-1,1,1,0,24,1,synthetic reply
SYN-1766,T-7,0,0,1,164,0,synthetic reply
SYN-1766,T-2,0,1,1,45,0,synthetic reply
SYN-1766,T-1,0,1,2,20,0,synthetic reply
SYN-1767,T-7,0,0,1,171,0,synthetic reply
SYN-1767,T-2,0,0,1,48,0,synthetic reply
SYN-1767,T-1,0,0,1,22,0,synthetic reply
SYN-1768,T-7,0,0,1,165,0,synthetic reply
SYN-1768,T-2,0,0,1,48,1,synthetic reply
SYN-1768,T-1,0,1,1,27,1,synthetic reply
SYN-1769,T-7,1,1,2,165,1,synthetic reply
SYN-1769,T-2,1,1,2,48,0,synthetic reply
SYN-1769,T-1,1,1,2,24,0,synthetic reply
SYN-1770,T-7,0,0,1,164,0,synthetic reply
SYN-1770,T-2,0,1,1,51,0,synthetic reply
SYN-1770,T-1,0,1,1,24,1,synthetic reply
SYN-1771,T-7,0,0,0,170,1,synthetic reply
SYN-1771,T-2,0,0,0,52,1,synthetic reply
SYN-1771,T-1,1,0,0,26,1,synthetic reply
SYN-1772,T-7,1,0,1,169,0,synthetic reply
SYN-1772,T-2,1,0,1,49,0,synthetic reply
SYN-1772,T-1,1,0,2,28,1,synthetic reply
SYN-1773,T-7,0,0,1,166,0,synthetic reply
SYN-1773,T-2,0,0,1,51,0,synthetic reply
SYN-1773,T-1,0,1,1,23,0,synthetic reply
SYN-1774,T-7,0,0,2,168,0,synthetic reply
SYN-1774,T-2,0,0,2,46,1,synthetic reply
SYN-1774,T-1,0,0,2,20,1,synthetic reply
SYN-1775,T-7,0,0,3,167,1,synthetic reply
SYN-1775,T-2,1,0,2,45,0,synthetic reply
SYN-1775,T-1,1,0,2,28,0,synthetic reply
SYN-1776,T-7,0,1,2,169,1,synthetic reply
SYN-1776,T-2,0,1,2,52,0,synthetic reply
SYN-1776,T-1,0,1,2,26,1,synthetic reply
SYN-1777,T-7,1,0,2,167,0,synthetic reply
SYN-1777,T-2,1,0,2,51,0,synthetic reply
SYN-1777,T-1,1,0,2,25,1,synthetic reply
SYN-1778,T-7,0,0,0,166,0,synthetic reply
SYN-1778,T-2,0,0,0,44,1,synthetic reply
SYN-1778,T-1,0,0,0,26,0,synthetic reply
SYN-1779,T-7,1,0,2,172,0,synthetic reply
SYN-1779,T-2,1,0,2,47,0,synthetic reply
SYN-1779,T-1,1,0,2,24,0,synthetic reply
SYN-1780,T-7,0,0,2,165,0,synthetic reply
SYN-1780,T-2,0,0,1,46,0,synthetic reply
SYN-1780,T-1,0,0,1,20,0,synthetic reply
SYN-1781,T-7,0,1,1,169,0,synthetic reply
SYN-1781,T-2,0,1,1,49,1,synthetic reply
SYN-1781,T-1,0,1,2,20,1,synthetic reply
SYN-1782,T-7,0,0,0,171,1,synthetic reply
SYN-1782,T-2,0,0,0,52,0,synthetic reply
SYN-1782,T-1,0,1,1,27,1,synthetic reply
SYN-1783,T-7,1,0,0,165,0,synthetic reply
SYN-1783,T-2,1,0,0,52,0,synthetic reply
SYN-1783,T-1,1,0,0,26,0,synthetic reply
SYN-1784,T-7,1,1,1,172,0,synthetic reply
SYN-1784,T-2,1,1,1,51,0,synthetic reply
SYN-1784,T-1,1,1,2,24,0,synthetic reply
SYN-1785,T-7,1,1,2,172,1,synthetic reply
SYN-1785,T-2,1,1,3,47,1,synthetic reply
SYN-1785,T-1,1,1,2,28,1,synthetic reply
SYN-1786,T-7,0,1,0,170,1,synthetic reply
SYN-1786,T-2,0,1,0,52,1,synthetic reply
SYN-1786,T-1,1,1,1,20,0,synthetic reply
SYN-1787,T-7,1,0,1,166,0,synthetic reply
SYN-1787,T-2,1,0,1,49,0,synthetic reply
SYN-1787,T-1,1,0,1,21,1,synthetic reply
SYN-1788,T-7,1,0,2,164,0,synthetic reply
SYN-1788,T-2,1,0,1,50,0,synthetic reply
SYN-1788,T-1,1,0,1,26,1,synthetic reply
SYN-1789,T-7,0,0,0,165,1,synthetic reply
SYN-1789,T-2,0,0,0,49,0,synthetic reply
SYN-1789,T-1,0,0,1,22,1,synthetic reply
SYN-1790,T-7,0,0,0,168,0,synthetic reply
SYN-1790,T-2,0,1,0,50,0,synthetic reply
SYN-1790,T-1,0,1,0,20,0,synthetic reply
SYN-1791,T-7,0,0,2,167,0,synthetic reply
SYN-1791,T-2,0,0,1,47,0,synthetic reply
SYN-1791,T-1,0,0,1,23,1,synthetic reply
SYN-1792,T-7,0,0,1,171,0,synthetic reply
SYN-1792,T-2,1,0,1,44,0,synthetic reply
SYN-1792,T-1,1,0,2,23,1,synthetic reply
SYN-1793,T-7,1,0,2,172,1,synthetic reply
SYN-1793,T-2,1,0,3,49,0,synthetic reply
SYN-1793,T-1,1,0,2,28,0,synthetic reply
SYN-1794,T-7,0,0,2,166,1,synthetic reply
SYN-1794,T-2,0,0,2,52,1,synthetic reply
SYN-1794,T-1,0,0,3,21,0,synthetic reply
SYN-1795,T-7,0,0,1,168,0,synthetic reply
SYN-1795,T-2,0,1,1,46,0,synthetic reply
SYN-1795,T-1,0,1,1,22,1,synthetic reply
SYN-1796,T-7,1,0,1,169,1,synthetic reply
SYN-1796,T-2,1,1,1,47,0,synthetic reply
SYN-1796,T-1,1,1,1,23,1,synthetic reply
SYN-1797,T-7,1,1,0,165,0,synthetic reply
SYN-1797,T-2,1,1,0,50,1,synthetic reply
SYN-1797,T-1,1,1,1,23,1,synthetic reply
SYN-1798,T-7,1,1,0,172,0,synthetic reply
SYN-1798,T-2,1,1,0,51,0,synthetic reply
SYN-1798,T-1,1,1,0,20,0,synthetic reply
SYN-1799,T-7,1,0,2,169,0,synthetic reply
SYN-1799,T-2,1,0,2,52,0,synthetic reply
SYN-1799,T-1,1,0,2,27,1,synthetic reply
SYN-1800,T-7,0,0,2,168,0,synthetic reply
SYN-1800,T-2,0,1,2,46,0,synthetic reply
SYN-1800,T-1,0,1,2,25,1,synthetic reply
SYN-1801,T-7,0,0,1,171,1,synthetic reply
SYN-1801,T-2,0,0,0,51,1,synthetic reply
SYN-1801,T-1,0,0,0,26,1,synthetic reply
SYN-1802,T-7,1,0,2,169,0,synthetic reply
SYN-1802,T-2,1,1,2,50,0,synthetic reply
SYN-1802,T-1,1,1,2,23,1,synthetic reply
SYN-1803,T-7,0,0,1,168,0,synthetic reply
SYN-1803,T-2,1,0,1,49,0,synthetic reply
SYN-1803,T-1,1,0,1,20,0,synthetic reply
SYN-1804,T-7,0,0,2,166,0,synthetic reply
SYN-1804,T-2,1,0,2,46,0,synthetic reply
SYN-1804,T-1,1,0,2,25,1,synthetic reply
SYN-1805,T-7,0,0,0,172,0,synthetic reply
SYN-1805,T-2,0,0,0,45,0,synthetic reply
SYN-1805,T-1,0,0,0,20,1,synthetic reply
SYN-1806,T-7,1,1,1,165,0,synthetic reply
SYN-1806,T-2,1,1,0,47,0,synthetic reply
SYN-1806,T-1,1,1,0,28,0,synthetic reply
SYN-1807,T-7,0,0,0,170,1,synthetic reply
SYN-1807,T-2,0,0,0,49,1,synthetic reply
SYN-1807,T-1,0,1,0,23,0,synthetic reply
SYN-1808,T-7,0,0,2,168,0,synthetic reply
SYN-1808,T-2,0,0,1,45,1,synthetic reply
SYN-1808,T-1,0,0,1,20,0,synthetic reply
SYN-1809,T-7,0,0,0,168,0,synthetic reply
SYN-1809,T-2,1,0,0,51,0,synthetic reply
SYN-1809,T-1,1,0,0,22,0,synthetic reply
SYN-1810,T-7,0,0,2,170,0,synthetic reply
SYN-1810,T-2,0,0,2,46,1,synthetic reply
SYN-1810,T-1,0,0,2,20,1,synthetic reply
SYN-1811,T-7,1,1,2,166,0,synthetic reply
SYN-1811,T-2,1,1,2,51,0,synthetic reply
SYN-1811,T-1,1,1,2,21,0,synthetic reply
SYN-1812,T-7,1,0,0,171,0,synthetic reply
SYN-1812,T-2,1,0,1,51,0,synthetic reply
SYN-1812,T-1,1,0,0,26,0,synthetic reply
SYN-1813,T-7,1,0,2,171,0,synthetic reply
SYN-1813,T-2,1,0,2,51,0,synthetic reply
SYN-1813,T-1,1,0,2,20,1,synthetic reply
SYN-1814,T-7,1,0,2,165,0,synthetic reply
SYN-1814,T-2,1,1,2,44,1,synthetic reply
SYN-1814,T-1,1,1,3,25,0,synthetic reply
SYN-1815,T-7,1,0,2,164,0,synthetic reply
SYN-1815,T-2,1,0,2,51,0,synthetic reply
SYN-1815,T-1,1,0,2,21,0,synthetic reply
SYN-1816,T-7,0,1,2,167,0,synthetic reply
SYN-1816,T-2,0,1,2,45,1,synthetic reply
SYN-1816,T-1,0,1,2,26,0,synthetic reply
SYN-1817,T-7,0,1,0,168,0,synthetic reply
SYN-1817,T-2,0,1,0,46,1,synthetic reply
SYN-1817,T-1,1,1,0,26,0,synthetic reply
SYN-1818,T-7,1,0,0,165,0,synthetic reply
SYN-1818,T-2,1,0,0,52,0,synthetic reply
SYN-1818,T-1,1,0,0,28,0,synthetic reply
SYN-1819,T-7,0,1,0,164,1,synthetic reply
SYN-1819,T-2,0,1,1,50,0,synthetic reply
SYN-1819,T-1,0,1,0,21,1,synthetic reply
SYN-1820,T-7,0,0,1,165,1,synthetic reply
SYN-1820,T-2,0,0,1,46,0,synthetic reply
SYN-1820,T-1,1,0,1,28,0,synthetic reply
SYN-1821,T-7,1,1,2,168,0,synthetic reply
SYN-1821,T-2,1,1,1,51,0,synthetic reply
SYN-1821,T-1,1,1,1,20,0,synthetic reply
SYN-1822,T-7,1,0,1,167,0,synthetic reply
SYN-1822,T-2,1,0,1,44,0,synthetic reply
SYN-1822,T-1,1,0,1,24,0,synthetic reply
SYN-1823,T-7,0,0,1,169,0,synthetic reply
SYN-1823,T-2,0,0,2,50,1,synthetic reply
SYN-1823,T-1,0,0,2,23,0,synthetic reply
SYN-1824,T-7,1,1,1,169,1,synthetic reply
SYN-1824,T-2,1,1,1,47,1,synthetic reply
SYN-1824,T-1,1,1,1,25,1,synthetic reply
SYN-1825,T-7,0,0,2,168,1,synthetic reply
SYN-1825,T-2,1,0,3,44,1,synthetic reply
SYN-1825,T-1,1,0,2,28,1,synthetic reply
SYN-1826,T-7,1,1,1,166,0,synthetic reply
SYN-1826,T-2,1,1,2,51,0,synthetic reply
SYN-1826,T-1,1,1,1,21,0,synthetic reply
SYN-1827,T-7,0,0,2,171,1,synthetic reply
SYN-1827,T-2,0,0,1,52,0,synthetic reply
SYN-1827,T-1,0,0,1,25,0,synthetic reply
SYN-1828,T-7,0,0,2,165,1,synthetic reply
SYN-1828,T-2,0,0,2,46,0,synthetic reply
SYN-1828,T-1,0,0,2,20,0,synthetic reply
SYN-1829,T-7,1,0,2,168,0,synthetic reply
SYN-1829,T-2,1,0,2,44,0,synthetic reply
SYN-1829,T-1,1,0,2,26,0,synthetic reply
SYN-1830,T-7,0,0,2,168,0,synthetic reply
SYN-1830,T-2,1,0,2,48,0,synthetic reply
SYN-1830,T-1,1,0,2,28,0,synthetic reply
SYN-1831,T-7,1,0,0,166,0,synthetic reply
SYN-1831,T-2,1,0,0,45,0,synthetic reply
SYN-1831,T-1,1,0,0,27,0,synthetic reply
SYN-1832,T-7,1,0,2,170,0,synthetic reply
SYN-1832,T-2,1,0,2,45,0,synthetic reply
SYN-1832,T-1,1,0,2,22,0,synthetic reply
SYN-1833,T-7,0,1,1,165,1,synthetic reply
SYN-1833,T-2,0,1,0,45,1,synthetic reply
SYN-1833,T-1,0,1,0,26,0,synthetic reply
SYN-1834,T-7,0,0,2,171,1,synthetic reply
SYN-1834,T-2,0,0,2,49,1,synthetic reply
SYN-1834,T-1,0,0,3,25,1,synthetic reply
SYN-1835,T-7,0,0,3,167,0,synthetic reply
SYN-1835,T-2,0,0,2,47,1,synthetic reply
SYN-1835,T-1,0,0,3,21,1,synthetic reply
SYN-1836,T-7,0,1,1,165,1,synthetic reply
SYN-1836,T-2,0,1,2,49,1,synthetic reply
SYN-1836,T-1,0,1,1,22,1,synthetic reply
SYN-1837,T-7,0,0,2,168,1,synthetic reply
SYN-1837,T-2,0,0,2,47,1,synthetic reply
SYN-1837,T-1,0,0,2,26,0,synthetic reply
SYN-1838,T-7,0,0,0,168,0,synthetic reply
SYN-1838,T-2,0,0,0,52,0,synthetic reply
SYN-1838,T-1,0,0,0,26,0,synthetic reply
SYN-1839,T-7,0,1,2,172,1,synthetic reply
SYN-1839,T-2,0,1,2,48,1,synthetic reply
SYN-1839,T-1,0,1,2,21,1,synthetic reply
SYN-1840,T-7,0,1,1,164,0,synthetic reply
SYN-1840,T-2,0,1,1,44,0,synthetic reply
SYN-1840,T-1,0,1,1,27,1,synthetic reply
SYN-1841,T-7,0,0,1,170,0,synthetic reply
SYN-1841,T-2,0,0,1,47,1,synthetic reply
SYN-1841,T-1,0,0,1,27,0,synthetic reply
SYN-1842,T-7,1,1,1,165,0,synthetic reply
SYN-1842,T-2,1,1,2,44,0,synthetic reply
SYN-1842,T-1,1,1,2,27,1,synthetic reply
SYN-1843,T-7,0,1,2,166,0,synthetic reply
SYN-1843,T-2,1,1,2,48,1,synthetic reply
SYN-1843,T-1,1,1,2,20,1,synthetic reply
SYN-1844,T-7,0,1,3,170,1,synthetic reply
SYN-1844,T-2,0,1,2,45,1,synthetic reply
SYN-1844,T-1,0,1,2,23,1,synthetic reply
SYN-1845,T-7,0,0,0,166,0,synthetic reply
SYN-1845,T-2,0,0,0,49,0,synthetic reply
SYN-1845,T-1,0,0,0,22,0,synthetic reply
SYN-1846,T-7,0,0,2,169,0,synthetic reply
SYN-1846,T-2,0,0,2,48,0,synthetic reply
SYN-1846,T-1,0,0,1,24,1,synthetic reply
SYN-1847,T-7,1,1,2,165,1,synthetic reply
SYN-1847,T-2,1,1,1,49,0,synthetic reply
SYN-1847,T-1,1,1,1,28,1,synthetic reply
SYN-1848,T-7,0,0,2,172,1,synthetic reply
SYN-1848,T-2,0,0,2,51,1,synthetic reply
SYN-1848,T-1,0,0,2,21,0,synthetic reply
SYN-1849,T-7,1,1,1,167,0,synthetic reply
SYN-1849,T-2,1,1,1,46,0,synthetic reply
SYN-1849,T-1,1,1,1,27,0,synthetic reply
SYN-1850,T-7,0,0,2,167,1,synthetic reply
SYN-1850,T-2,0,0,2,47,0,synthetic reply
SYN-1850,T-1,0,1,2,20,1,synthetic reply
SYN-1851,T-7,1,0,0,169,0,synthetic reply
SYN-1851,T-2,1,0,0,51,0,synthetic reply
SYN-1851,T-1,1,1,0,22,1,synthetic reply
SYN-1852,T-7,1,1,2,168,0,synthetic reply
SYN-1852,T-2,1,1,2,51,0,synthetic reply
SYN-1852,T-1,1,1,2,21,1,synthetic reply
SYN-1853,T-7,1,0,0,170,0,synthetic reply
SYN-1853,T-2,1,0,0,47,0,synthetic reply
SYN-1853,T-1,1,0,0,27,0,synthetic reply
SYN-1854,T-7,1,1,1,172,0,synthetic reply
SYN-1854,T-2,1,1,1,47,1,synthetic reply
SYN-1854,T-1,1,1,2,28,0,synthetic reply
SYN-1855,T-7,1,0,2,164,0,synthetic reply
SYN-1855,T-2,1,0,3,47,1,synthetic reply
SYN-1855,T-1,1,1,2,27,1,synthetic reply
SYN-1856,T-7,1,0,1,169,0,synthetic reply
SYN-1856,T-2,1,0,1,45,1,synthetic reply
SYN-1856,T-1,1,0,1,27,1,synthetic reply
SYN-1857,T-7,0,0,0,164,0,synthetic reply
SYN-1857,T-2,0,0,1,49,1,synthetic reply
SYN-1857,T-1,0,0,0,26,1,synthetic reply
SYN-1858,T-7,0,0,0,169,0,synthetic reply
SYN-1858,T-2,0,0,0,50,0,synthetic reply
SYN-1858,T-1,0,0,0,22,1,synthetic reply
SYN-1859,T-7,0,1,2,169,0,synthetic reply
SYN-1859,T-2,0,1,2,46,1,synthetic reply
SYN-1859,T-1,0,1,2,26,0,synthetic reply
SYN-1860,T-7,0,1,1,169,0,synthetic reply
SYN-1860,T-2,0,1,1,47,0,synthetic reply
SYN-1860,T-1,0,1,1,25,0,synthetic reply
SYN-1861,T-7,1,1,2,169,0,synthetic reply
SYN-1861,T-2,1,1,2,51,1,synthetic reply
SYN-1861,T-1,1,1,2,22,1,synthetic reply
SYN-1862,T-7,0,0,2,166,0,synthetic reply
SYN-1862,T-2,0,0,3,50,1,synthetic reply
SYN-1862,T-1,0,0,3,22,0,synthetic reply
SYN-1863,T-7,0,0,0,167,0,synthetic reply
SYN-1863,T-2,1,0,0,47,0,synthetic reply
SYN-1863,T-1,1,1,0,22,0,synthetic reply
SYN-1864,T-7,0,1,2,170,0,synthetic reply
SYN-1864,T-2,0,1,3,44,1,synthetic reply
SYN-1864,T-1,0,1,2,28,0,synthetic reply
SYN-1865,T-7,0,0,0,171,1,synthetic reply
SYN-1865,T-2,0,0,0,51,0,synthetic reply
SYN-1865,T-1,0,0,0,27,1,synthetic reply
SYN-1866,T-7,0,0,2,166,1,synthetic reply
SYN-1866,T-2,0,0,3,52,1,synthetic reply
SYN-1866,T-1,0,0,2,21,1,synthetic reply
SYN-1867,T-7,1,0,1,167,0,synthetic reply
SYN-1867,T-2,1,0,0,49,0,synthetic reply
SYN-1867,T-1,1,0,1,25,1,synthetic reply
SYN-1868,T-7,1,0,3,169,0,synthetic reply
SYN-1868,T-2,1,0,2,45,0,synthetic reply
SYN-1868,T-1,1,0,2,28,0,synthetic reply
SYN-1869,T-7,0,0,1,172,1,synthetic reply
SYN-1869,T-2,0,0,1,47,0,synthetic reply
SYN-1869,T-1,0,0,1,25,1,synthetic reply
SYN-1870,T-7,0,0,2,165,0,synthetic reply
SYN-1870,T-2,0,0,3,46,0,synthetic reply
SYN-1870,T-1,0,0,3,23,1,synthetic reply
SYN-1871,T-7,0,0,0,166,0,synthetic reply
SYN-1871,T-2,0,0,0,51,0,synthetic reply
SYN-1871,T-1,0,1,0,28,1,synthetic reply
SYN-1872,T-7,0,0,1,168,0,synthetic reply
SYN-1872,T-2,0,0,1,50,0,synthetic reply
SYN-1872,T-1,0,0,1,28,1,synthetic reply
SYN-1873,T-7,1,0,1,168,0,synthetic reply
SYN-1873,T-2,1,0,0,47,0,synthetic reply
SYN-1873,T-1,1,0,1,24,0,synthetic reply
SYN-1874,T-7,0,0,1,170,1,synthetic reply
SYN-1874,T-2,0,0,1,52,0,synthetic reply
SYN-1874,T-1,0,0,1,27,0,synthetic reply
SYN-1875,T-7,0,0,0,167,1,synthetic reply
SYN-1875,T-2,0,1,0,46,0,synthetic reply
SYN-1875,T-1,0,1,0,22,0,synthetic reply
SYN-1876,T-7,1,0,0,164,0,synthetic reply
SYN-1876,T-2,1,0,1,47,0,synthetic reply
SYN-1876,T-1,1,0,0,24,1,synthetic reply
SYN-1877,T-7,1,0,0,166,0,synthetic reply
SYN-1877,T-2,1,0,0,46,1,synthetic reply
SYN-1877,T-1,1,1,0,26,0,synthetic reply
SYN-1878,T-7,0,0,2,170,0,synthetic reply
SYN-1878,T-2,0,0,3,47,0,synthetic reply
SYN-1878,T-1,0,0,2,28,1,synthetic reply
SYN-1879,T-7,1,0,0,170,1,synthetic reply
SYN-1879,T-2,1,0,0,49,0,synthetic reply
SYN-1879,T-1,1,0,0,22,1,synthetic reply
SYN-1880,T-7,0,0,2,165,0,synthetic reply
SYN-1880,T-2,0,0,3,47,0,synthetic reply
SYN-1880,T-1,1,0,3,25,1,synthetic reply
SYN-1881,T-7,1,1,0,166,0,synthetic reply
SYN-1881,T-2,1,1,0,45,1,synthetic reply
SYN-1881,T-1,1,1,1,22,0,synthetic reply
SYN-1882,T-7,1,0,2,166,0,synthetic reply
SYN-1882,T-2,1,0,2,48,0,synthetic reply
SYN-1882,T-1,1,1,2,24,0,synthetic reply
SYN-1883,T-7,1,0,0,167,0,synthetic reply
SYN-1883,T-2,1,0,0,52,0,synthetic reply
SYN-1883,T-1,1,0,0,26,0,synthetic reply
SYN-1884,T-7,1,0,1,166,0,synthetic reply
SYN-1884,T-2,1,0,2,52,0,synthetic reply
SYN-1884,T-1,1,0,1,25,0,synthetic reply
SYN-1885,T-7,0,1,3,171,0,synthetic reply
SYN-1885,T-2,0,1,2,49,1,synthetic reply
SYN-1885,T-1,1,1,3,26,0,synthetic reply
SYN-1886,T-7,1,0,1,172,1,synthetic reply
SYN-1886,T-2,1,1,1,50,0,synthetic reply
SYN-1886,T-1,1,1,1,28,1,synthetic reply
SYN-1887,T-7,0,0,1,165,0,synthetic reply
SYN-1887,T-2,0,0,1,46,0,synthetic reply
SYN-1887,T-1,0,0,1,25,0,synthetic reply
SYN-1888,T-7,0,0,1,169,1,synthetic reply
SYN-1888,T-2,1,0,2,48,0,synthetic reply
SYN-1888,T-1,1,0,2,20,0,synthetic reply
SYN-1889,T-7,1,0,2,169,0,synthetic reply
SYN-1889,T-2,1,0,2,44,0,synthetic reply
SYN-1889,T-1,1,1,2,22,1,synthetic reply
SYN-1890,T-7,0,0,1,170,0,synthetic reply
SYN-1890,T-2,0,0,2,48,1,synthetic reply
SYN-1890,T-1,0,0,1,27,0,synthetic reply
SYN-1891,T-7,0,0,1,169,0,synthetic reply
SYN-1891,T-2,0,0,1,52,1,synthetic reply
SYN-1891,T-1,0,0,1,28,1,synthetic reply
SYN-1892,T-7,0,0,2,168,1,synthetic reply
SYN-1892,T-2,0,0,1,47,0,synthetic reply
SYN-1892,T-1,0,0,1,27,0,synthetic reply
SYN-1893,T-7,0,0,3,171,0,synthetic reply
SYN-1893,T-2,0,0,2,48,0,synthetic reply
SYN-1893,T-1,0,0,2,21,0,synthetic reply
SYN-1894,T-7,0,0,1,168,0,synthetic reply
SYN-1894,T-2,0,0,1,48,0,synthetic reply
SYN-1894,T-1,1,1,1,23,1,synthetic reply
SYN-1895,T-7,1,0,0,168,0,synthetic reply
SYN-1895,T-2,1,1,0,47,0,synthetic reply
SYN-1895,T-1,1,1,0,21,1,synthetic reply
SYN-1896,T-7,1,0,0,172,0,synthetic reply
SYN-1896,T-2,1,0,0,52,0,synthetic reply
SYN-1896,T-1,1,0,0,22,1,synthetic reply
SYN-1897,T-7,0,0,1,166,0,synthetic reply
SYN-1897,T-2,0,0,1,49,1,synthetic reply
SYN-1897,T-1,1,0,2,28,0,synthetic reply
SYN-1898,T-7,0,1,1,172,0,synthetic reply
SYN-1898,T-2,0,1,1,50,1,synthetic reply
SYN-1898,T-1,0,1,2,26,0,synthetic reply
SYN-1899,T-7,0,0,2,171,1,synthetic reply
SYN-1899,T-2,0,0,2,44,0,synthetic reply
SYN-1899,T-1,0,0,3,26,0,synthetic reply
SYN-1900,T-7,0,1,1,164,1,synthetic reply
SYN-1900,T-2,0,1,1,44,0,synthetic reply
SYN-1900,T-1,0,1,1,24,1,synthetic reply
SYN-1901,T-7,0,1,2,166,1,synthetic reply
SYN-1901,T-2,1,1,1,44,1,synthetic reply
SYN-1901,T-1,1,1,1,20,1,synthetic reply
SYN-1902,T-7,0,0,2,168,0,synthetic reply
SYN-1902,T-2,0,0,2,45,1,synthetic reply
SYN-1902,T-1,0,0,2,20,0,synthetic reply
SYN-1903,T-7,0,0,3,172,1,synthetic reply
SYN-1903,T-2,0,0,2,44,0,synthetic reply
SYN-1903,T-1,0,0,2,28,0,synthetic reply
SYN-1904,T-7,0,0,0,165,0,synthetic reply
SYN-1904,T-2,0,0,0,44,0,synthetic reply
SYN-1904,T-1,0,0,0,26,1,synthetic reply
SYN-1905,T-7,0,1,2,169,1,synthetic reply
SYN-1905,T-2,0,1,1,45,1,synthetic reply
SYN-1905,T-1,0,1,1,28,1,synthetic reply
SYN-1906,T-7,0,0,0,169,0,synthetic reply
SYN-1906,T-2,0,0,0,52,0,synthetic reply
SYN-1906,T-1,0,0,0,28,0,synthetic reply
SYN-1907,T-7,1,0,0,166,0,synthetic reply
SYN-1907,T-2,1,0,0,47,0,synthetic reply
SYN-1907,T-1,1,0,0,25,0,synthetic reply
SYN-1908,T-7,0,0,0,169,0,synthetic reply
SYN-1908,T-2,0,0,0,45,1,synthetic reply
SYN-1908,T-1,0,0,0,23,0,synthetic reply
SYN-1909,T-7,1,1,2,169,1,synthetic reply
SYN-1909,T-2,1,1,3,49,0,synthetic reply
SYN-1909,T-1,1,1,2,28,1,synthetic reply
SYN-1910,T-7,0,0,2,170,0,synthetic reply
SYN-1910,T-2,0,0,2,52,0,synthetic reply
SYN-1910,T-1,0,0,2,24,0,synthetic reply
SYN-1911,T-7,0,1,1,172,1,synthetic reply
SYN-1911,T-2,1,1,0,47,1,synthetic reply
SYN-1911,T-1,1,1,1,24,1,synthetic reply
SYN-1912,T-7,0,0,2,170,1,synthetic reply
SYN-1912,T-2,1,0,2,49,0,synthetic reply
SYN-1912,T-1,1,0,2,20,1,synthetic reply
SYN-1913,T-7,0,0,2,170,1,synthetic reply
SYN-1913,T-2,0,0,3,44,1,synthetic reply
SYN-1913,T-1,0,0,2,27,1,synthetic reply
SYN-1914,T-7,0,0,2,165,0,synthetic reply
SYN-1914,T-2,1,0,2,45,0,synthetic reply
SYN-1914,T-1,1,1,2,26,0,synthetic reply
SYN-1915,T-7,1,1,0,169,0,synthetic reply
SYN-1915,T-2,1,1,0,44,0,synthetic reply
SYN-1915,T-1,1,1,0,24,0,synthetic reply
SYN-1916,T-7,1,0,1,167,1,synthetic reply
SYN-1916,T-2,1,0,2,45,0,synthetic reply
SYN-1916,T-1,1,0,1,21,0,synthetic reply
SYN-1917,T-7,0,0,0,167,0,synthetic reply
SYN-1917,T-2,1,0,1,52,1,synthetic reply
SYN-1917,T-1,1,0,0,22,0,synthetic reply
SYN-1918,T-7,1,0,1,164,0,synthetic reply
SYN-1918,T-2,1,1,0,44,0,synthetic reply
SYN-1918,T-1,1,1,0,20,1,synthetic reply
SYN-1919,T-7,0,1,1,167,1,synthetic reply
SYN-1919,T-2,0,1,1,48,1,synthetic reply
SYN-1919,T-1,0,1,1,20,1,synthetic reply
SYN-1920,T-7,0,0,1,166,0,synthetic reply
SYN-1920,T-2,0,0,0,51,1,synthetic reply
SYN-1920,T-1,0,0,1,24,1,synthetic reply
SYN-1921,T-7,0,1,2,170,1,synthetic reply
SYN-1921,T-2,0,1,2,45,1,synthetic reply
SYN-1921,T-1,0,1,2,20,0,synthetic reply
SYN-1922,T-7,0,1,2,170,1,synthetic reply
SYN-1922,T-2,0,1,2,51,0,synthetic reply
SYN-1922,T-1,0,1,3,27,0,synthetic reply
SYN-1923,T-7,1,1,0,168,0,synthetic reply
SYN-1923,T-2,1,1,0,51,0,synthetic reply
SYN-1923,T-1,1,1,0,26,0,synthetic reply
SYN-1924,T-7,1,1,0,164,0,synthetic reply
SYN-1924,T-2,1,1,0,50,1,synthetic reply
SYN-1924,T-1,1,1,0,24,1,synthetic reply
SYN-1925,T-7,1,0,3,169,1,synthetic reply
SYN-1925,T-2,1,0,2,46,0,synthetic reply
SYN-1925,T-1,1,0,2,24,0,synthetic reply
SYN-1926,T-7,0,0,1,169,0,synthetic reply
SYN-1926,T-2,0,0,1,46,1,synthetic reply
SYN-1926,T-1,1,0,1,24,0,synthetic reply
SYN-1927,T-7,1,1,2,171,1,synthetic reply
SYN-1927,T-2,1,1,2,48,1,synthetic reply
SYN-1927,T-1,1,1,2,23,0,synthetic reply
SYN-1928,T-7,1,0,2,168,0,synthetic reply
SYN-1928,T-2,1,1,1,45,0,synthetic reply
SYN-1928,T-1,1,1,2,28,0,synthetic reply
SYN-1929,T-7,1,0,0,167,0,synthetic reply
SYN-1929,T-2,1,0,0,50,0,synthetic reply
SYN-1929,T-1,1,0,1,22,0,synthetic reply
SYN-1930,T-7,0,0,2,168,0,synthetic reply
SYN-1930,T-2,0,0,2,50,1,synthetic reply
SYN-1930,T-1,0,0,2,21,1,synthetic reply
SYN-1931,T-7,1,1,0,170,0,synthetic reply
SYN-1931,T-2,1,1,0,50,1,synthetic reply
SYN-1931,T-1,1,1,0,28,1,synthetic reply
SYN-1932,T-7,1,0,2,165,0,synthetic reply
SYN-1932,T-2,1,0,1,45,0,synthetic reply
SYN-1932,T-1,1,0,1,25,1,synthetic reply
SYN-1933,T-7,0,0,1,170,0,synthetic reply
SYN-1933,T-2,0,1,1,50,1,synthetic reply
SYN-1933,T-1,0,1,2,25,0,synthetic reply
SYN-1934,T-7,1,0,2,170,0,synthetic reply
SYN-1934,T-2,1,0,2,48,0,synthetic reply
SYN-1934,T-1,1,0,2,25,0,synthetic reply
SYN-1935,T-7,0,1,1,169,1,synthetic reply
SYN-1935,T-2,0,1,1,44,0,synthetic reply
SYN-1935,T-1,0,1,1,27,1,synthetic reply
SYN-1936,T-7,1,1,2,169,0,synthetic reply
SYN-1936,T-2,1,1,1,48,1,synthetic reply
SYN-1936,T-1,1,1,1,21,0,synthetic reply
SYN-1937,T-7,1,0,1,165,0,synthetic reply
SYN-1937,T-2,1,0,1,46,1,synthetic reply
SYN-1937,T-1,1,0,2,27,1,synthetic reply
SYN-1938,T-7,1,0,0,169,0,synthetic reply
SYN-1938,T-2,1,0,0,51,0,synthetic reply
SYN-1938,T-1,1,0,0,24,1,synthetic reply
SYN-1939,T-7,0,1,1,172,1,synthetic reply
SYN-1939,T-2,0,1,1,51,0,synthetic reply
SYN-1939,T-1,0,1,1,23,0,synthetic reply
SYN-1940,T-7,0,1,0,167,1,synthetic reply
SYN-1940,T-2,1,1,0,48,0,synthetic reply
SYN-1940,T-1,1,1,0,24,0,synthetic reply
SYN-1941,T-7,0,1,1,170,0,synthetic reply
SYN-1941,T-2,0,1,1,44,0,synthetic reply
SYN-1941,T-1,0,1,1,24,1,synthetic reply
SYN-1942,T-7,1,1,1,170,1,synthetic reply
SYN-1942,T-2,1,1,1,50,1,synthetic reply
SYN-1942,T-1,1,1,1,25,1,synthetic reply
SYN-1943,T-7,0,1,3,171,1,synthetic reply
SYN-1943,T-2,0,1,2,47,1,synthetic reply
SYN-1943,T-1,0,1,2,26,1,synthetic reply
SYN-1944,T-7,0,0,1,166,0,synthetic reply
SYN-1944,T-2,0,1,1,46,1,synthetic reply
SYN-1944,T-1,0,1,1,28,0,synthetic reply
SYN-1945,T-7,1,0,3,170,0,synthetic reply
SYN-1945,T-2,1,0,2,47,1,synthetic reply
SYN-1945,T-1,1,0,3,25,0,synthetic reply
SYN-1946,T-7,0,0,1,170,0,synthetic reply
SYN-1946,T-2,0,0,0,49,0,synthetic reply
SYN-1946,T-1,0,0,0,26,1,synthetic reply
SYN-1947,T-7,0,0,1,168,1,synthetic reply
SYN-1947,T-2,0,0,1,51,0,synthetic reply
SYN-1947,T-1,0,0,1,27,0,synthetic reply
SYN-1948,T-7,1,1,0,170,0,synthetic reply
SYN-1948,T-2,1,1,0,52,1,synthetic reply
SYN-1948,T-1,1,1,0,25,1,synthetic reply
SYN-1949,T-7,0,0,0,166,0,synthetic reply
SYN-1949,T-2,1,0,1,48,0,synthetic reply
SYN-1949,T-1,1,0,1,27,0,synthetic reply
SYN-1950,T-7,0,0,0,167,0,synthetic reply
SYN-1950,T-2,0,0,0,47,1,synthetic reply
SYN-1950,T-1,1,0,0,23,0,synthetic reply
SYN-1951,T-7,1,1,2,171,1,synthetic reply
SYN-1951,T-2,1,1,1,45,1,synthetic reply
SYN-1951,T-1,1,1,1,20,0,synthetic reply
SYN-1952,T-7,1,1,1,164,1,synthetic reply
SYN-1952,T-2,1,1,1,50,0,synthetic reply
SYN-1952,T-1,1,1,2,26,0,synthetic reply
SYN-1953,T-7,0,0,1,169,1,synthetic reply
SYN-1953,T-2,0,1,0,45,0,synthetic reply
SYN-1953,T-1,0,1,0,23,0,synthetic reply
SYN-1954,T-7,0,1,1,167,1,synthetic reply
SYN-1954,T-2,0,1,1,44,1,synthetic reply
SYN-1954,T-1,0,1,2,20,1,synthetic reply
SYN-1955,T-7,1,0,2,168,0,synthetic reply
SYN-1955,T-2,1,0,1,52,0,synthetic reply
SYN-1955,T-1,1,0,1,20,0,synthetic reply
SYN-1956,T-7,0,0,0,171,0,synthetic reply
SYN-1956,T-2,0,0,0,48,0,synthetic reply
SYN-1956,T-1,0,0,0,21,1,synthetic reply
SYN-1957,T-7,0,1,3,167,1,synthetic reply
SYN-1957,T-2,1,1,2,48,1,synthetic reply
SYN-1957,T-1,1,1,2,22,1,synthetic reply
SYN-1958,T-7,1,0,0,171,0,synthetic reply
SYN-1958,T-2,1,0,0,52,0,synthetic reply
SYN-1958,T-1,1,0,0,24,1,synthetic reply
SYN-1959,T-7,0,0,1,164,0,synthetic reply
SYN-1959,T-2,0,0,1,52,1,synthetic reply
SYN-1959,T-1,1,0,1,27,1,synthetic reply
SYN-1960,T-7,0,0,1,169,0,synthetic reply
SYN-1960,T-2,0,0,2,46,1,synthetic reply
SYN-1960,T-1,0,0,2,26,1,synthetic reply
SYN-1961,T-7,0,0,1,172,1,synthetic reply
SYN-1961,T-2,0,0,1,45,0,synthetic reply
SYN-1961,T-1,0,1,1,24,0,synthetic reply
SYN-1962,T-7,0,0,0,171,0,synthetic reply
SYN-1962,T-2,0,0,0,49,0,synthetic reply
SYN-1962,T-1,1,0,0,27,0,synthetic reply
SYN-1963,T-7,0,0,1,172,0,synthetic reply
SYN-1963,T-2,0,0,1,48,1,synthetic reply
SYN-1963,T-1,0,1,1,21,1,synthetic reply
SYN-1964,T-7,1,0,2,165,0,synthetic reply
SYN-1964,T-2,1,0,2,51,0,synthetic reply
SYN-1964,T-1,1,0,3,28,0,synthetic reply
SYN-1965,T-7,0,0,2,170,1,synthetic reply
SYN-1965,T-2,1,0,2,50,1,synthetic reply
SYN-1965,T-1,1,0,2,23,0,synthetic reply
SYN-1966,T-7,0,0,0,172,0,synthetic reply
SYN-1966,T-2,0,0,0,50,0,synthetic reply
SYN-1966,T-1,0,0,1,20,0,synthetic reply
SYN-1967,T-7,1,0,2,168,0,synthetic reply
SYN-1967,T-2,1,0,2,46,0,synthetic reply
SYN-1967,T-1,1,0,2,21,0,synthetic reply
SYN-1968,T-7,0,1,1,169,0,synthetic reply
SYN-1968,T-2,0,1,1,51,1,synthetic reply
SYN-1968,T-1,0,1,1,28,1,synthetic reply
SYN-1969,T-7,0,0,0,165,0,synthetic reply
SYN-1969,T-2,0,0,1,49,0,synthetic reply
SYN-1969,T-1,1,0,1,28,0,synthetic reply
SYN-1970,T-7,0,0,0,168,0,synthetic reply
SYN-1970,T-2,0,0,0,46,0,synthetic reply
SYN-1970,T-1,0,1,0,22,1,synthetic reply
SYN-1971,T-7,1,0,2,167,0,synthetic reply
SYN-1971,T-2,1,0,3,48,0,synthetic reply
SYN-1971,T-1,1,0,2,25,1,synthetic reply
SYN-1972,T-7,0,0,2,172,1,synthetic reply
SYN-1972,T-2,0,0,3,45,0,synthetic reply
SYN-1972,T-1,0,0,3,25,1,synthetic reply
SYN-1973,T-7,0,1,2,172,0,synthetic reply
SYN-1973,T-2,0,1,1,50,1,synthetic reply
SYN-1973,T-1,0,1,1,25,1,synthetic reply
SYN-1974,T-7,0,0,2,167,1,synthetic reply
SYN-1974,T-2,0,0,2,46,1,synthetic reply
SYN-1974,T-1,0,1,2,26,1,synthetic reply
SYN-1975,T-7,1,1,1,169,0,synthetic reply
SYN-1975,T-2,1,1,1,52,1,synthetic reply
SYN-1975,T-1,1,1,1,28,0,synthetic reply
SYN-1976,T-7,0,0,1,171,0,synthetic reply
SYN-1976,T-2,0,0,2,44,1,synthetic reply
SYN-1976,T-1,0,0,1,21,1,synthetic reply
SYN-1977,T-7,0,1,0,167,1,synthetic reply
SYN-1977,T-2,0,1,0,45,0,synthetic reply
SYN-1977,T-1,1,1,0,28,0,synthetic reply
SYN-1978,T-7,0,1,2,168,0,synthetic reply
SYN-1978,T-2,1,1,2,52,0,synthetic reply
SYN-1978,T-1,1,1,2,21,0,synthetic reply
SYN-1979,T-7,1,0,3,166,0,synthetic reply
SYN-1979,T-2,1,0,2,51,0,synthetic reply
SYN-1979,T-1,1,0,3,24,1,synthetic reply
SYN-1980,T-7,0,1,2,172,0,synthetic reply
SYN-1980,T-2,0,1,2,52,0,synthetic reply
SYN-1980,T-1,0,1,2,23,1,synthetic reply
SYN-1981,T-7,0,1,1,166,0,synthetic reply
SYN-1981,T-2,0,1,2,49,1,synthetic reply
SYN-1981,T-1,0,1,1,26,0,synthetic reply
SYN-1982,T-7,1,0,0,169,0,synthetic reply
SYN-1982,T-2,1,0,0,51,0,synthetic reply
SYN-1982,T-1,1,0,0,20,0,synthetic reply
SYN-1983,T-7,0,0,2,167,0,synthetic reply
SYN-1983,T-2,0,0,2,51,0,synthetic reply
SYN-1983,T-1,0,1,2,20,0,synthetic reply
SYN-1984,T-7,0,0,3,172,0,synthetic reply
SYN-1984,T-2,0,0,2,44,0,synthetic reply
SYN-1984,T-1,0,0,3,22,1,synthetic reply
SYN-1985,T-7,0,1,2,170,1,synthetic reply
SYN-1985,T-2,0,1,1,45,0,synthetic reply
SYN-1985,T-1,0,1,2,21,0,synthetic reply
SYN-1986,T-7,0,0,0,166,1,synthetic reply
SYN-1986,T-2,0,0,0,52,1,synthetic reply
SYN-1986,T-1,0,0,1,24,1,synthetic reply
SYN-1987,T-7,0,0,1,164,1,synthetic reply
SYN-1987,T-2,0,0,1,52,1,synthetic reply
SYN-1987,T-1,0,0,1,21,0,synthetic reply
SYN-1988,T-7,1,0,0,168,0,synthetic reply
SYN-1988,T-2,1,0,0,49,1,synthetic reply
SYN-1988,T-1,1,0,0,28,0,synthetic reply
SYN-1989,T-7,0,0,2,170,0,synthetic reply
SYN-1989,T-2,0,0,2,44,1,synthetic reply
SYN-1989,T-1,0,1,2,23,1,synthetic reply
SYN-1990,T-7,1,0,3,164,0,synthetic reply
SYN-1990,T-2,1,0,3,45,0,synthetic reply
SYN-1990,T-1,1,0,2,23,0,synthetic reply
SYN-1991,T-7,1,0,1,171,0,synthetic reply
SYN-1991,T-2,1,0,1,51,0,synthetic reply
SYN-1991,T-1,1,0,1,21,1,synthetic reply
SYN-1992,T-7,0,0,0,172,1,synthetic reply
SYN-1992,T-2,0,0,0,51,1,synthetic reply
SYN-1992,T-1,0,0,0,20,1,synthetic reply
SYN-1993,T-7,1,1,2,172,0,synthetic reply
SYN-1993,T-2,1,1,2,48,0,synthetic reply
SYN-1993,T-1,1,1,2,24,0,synthetic reply
SYN-1994,T-7,0,0,1,168,0,synthetic reply
SYN-1994,T-2,0,0,1,50,0,synthetic reply
SYN-1994,T-1,0,0,1,23,0,synthetic reply
SYN-1995,T-7,1,0,0,169,1,synthetic reply
SYN-1995,T-2,1,0,0,49,1,synthetic reply
SYN-1995,T-1,1,0,0,20,0,synthetic reply
SYN-1996,T-7,1,0,0,168,1,synthetic reply
SYN-1996,T-2,1,0,0,50,1,synthetic reply
SYN-1996,T-1,1,0,0,20,1,synthetic reply
SYN-1997,T-7,0,0,0,171,1,synthetic reply
SYN-1997,T-2,0,0,0,51,0,synthetic reply
SYN-1997,T-1,0,0,0,20,0,synthetic reply
SYN-1998,T-7,0,0,2,169,0,synthetic reply
SYN-1998,T-2,0,0,2,51,1,synthetic reply
SYN-1998,T-1,1,0,2,27,0,synthetic reply
SYN-1999,T-7,0,0,0,167,0,synthetic reply
SYN-1999,T-2,0,1,0,51,1,synthetic reply
SYN-1999,T-1,1,1,0,22,0,synthetic reply
